YKJ;Kunta;Ruutu;Tyydyttävän pvs-raja;Suurruutu;Suurruutu-koord;YKJ-N;YKJ-E;Priorisoitu;url
740:336;Pello;Mämmilä;90;1;740:335-744:339;740;336;valmis;https://tulokset.lintuatlas.fi/grid/740:336
740:337;Pello;Iso-Apina;90;1;740:335-744:339;740;337;kyllä;https://tulokset.lintuatlas.fi/grid/740:337
740:338;Pello;Lankojärvi;90;1;740:335-744:339;740;338;valmis;https://tulokset.lintuatlas.fi/grid/740:338
740:339;Pello;Rommakkajärvi;90;1;740:335-744:339;740;339;kyllä;https://tulokset.lintuatlas.fi/grid/740:339
741:336;Pello;Pellon kk;72;1;740:335-744:339;741;336;valmis;https://tulokset.lintuatlas.fi/grid/741:336
741:337;Pello;Ritavalkea;90;1;740:335-744:339;741;337;valmis;https://tulokset.lintuatlas.fi/grid/741:337
741:338;Pello;Konttajärvi;90;1;740:335-744:339;741;338;valmis;https://tulokset.lintuatlas.fi/grid/741:338
741:339;Pello;Kalavaara;90;1;740:335-744:339;741;339;kyllä;https://tulokset.lintuatlas.fi/grid/741:339
742:336;Pello;Teikosuvanto;72;1;740:335-744:339;742;336;valmis;https://tulokset.lintuatlas.fi/grid/742:336
742:337;Pello;Orankirova;90;1;740:335-744:339;742;337;valmis;https://tulokset.lintuatlas.fi/grid/742:337
742:338;Pello;Mustitunturi;90;1;740:335-744:339;742;338;valmis;https://tulokset.lintuatlas.fi/grid/742:338
742:339;Pello;Ruuhijärvi;90;1;740:335-744:339;742;339;valmis;https://tulokset.lintuatlas.fi/grid/742:339
743:335;Kolari;Kallioniemi;72;1;740:335-744:339;743;335;ei;https://tulokset.lintuatlas.fi/grid/743:335
743:336;Pello;Tervaoja;90;1;740:335-744:339;743;336;valmis;https://tulokset.lintuatlas.fi/grid/743:336
743:337;Pello;Vittikkovuoma;90;1;740:335-744:339;743;337;kyllä;https://tulokset.lintuatlas.fi/grid/743:337
743:338;Kolari;Aalistunturi;90;1;740:335-744:339;743;338;kyllä;https://tulokset.lintuatlas.fi/grid/743:338
743:339;Kolari;Aalisjärvi;90;1;740:335-744:339;743;339;kyllä;https://tulokset.lintuatlas.fi/grid/743:339
744:335;Kolari;Väylänpää;72;1;740:335-744:339;744;335;ei;https://tulokset.lintuatlas.fi/grid/744:335
744:336;Kolari;Koivumaa;90;1;740:335-744:339;744;336;ei;https://tulokset.lintuatlas.fi/grid/744:336
744:337;Kolari;Sammalvaara;90;1;740:335-744:339;744;337;ei;https://tulokset.lintuatlas.fi/grid/744:337
744:338;Kolari;Pasmajärvi;90;1;740:335-744:339;744;338;ei;https://tulokset.lintuatlas.fi/grid/744:338
744:339;Kolari;Hirvasjärvi;90;1;740:335-744:339;744;339;kyllä;https://tulokset.lintuatlas.fi/grid/744:339
740:340;Ylitornio;Kaupinvaara;90;2;740:340-744:344;740;340;valmis;https://tulokset.lintuatlas.fi/grid/740:340
740:341;Rovaniemi;Typpyrä;90;2;740:340-744:344;740;341;kyllä;https://tulokset.lintuatlas.fi/grid/740:341
740:342;Rovaniemi;Tuhnaja;90;2;740:340-744:344;740;342;valmis;https://tulokset.lintuatlas.fi/grid/740:342
740:343;Rovaniemi;Tapionkylä;90;2;740:340-744:344;740;343;valmis;https://tulokset.lintuatlas.fi/grid/740:343
740:344;Rovaniemi;Toramokivalo;90;2;740:340-744:344;740;344;kyllä;https://tulokset.lintuatlas.fi/grid/740:344
741:340;Pello;Rattosjärvi;90;2;740:340-744:344;741;340;valmis;https://tulokset.lintuatlas.fi/grid/741:340
741:341;Rovaniemi;Kaittiainen;90;2;740:340-744:344;741;341;kyllä;https://tulokset.lintuatlas.fi/grid/741:341
741:342;Rovaniemi;Kontojärvi;90;2;740:340-744:344;741;342;kyllä;https://tulokset.lintuatlas.fi/grid/741:342
741:343;Rovaniemi;Koukkulanaapa;90;2;740:340-744:344;741;343;valmis;https://tulokset.lintuatlas.fi/grid/741:343
741:344;Rovaniemi;Niinijärvi;90;2;740:340-744:344;741;344;ei;https://tulokset.lintuatlas.fi/grid/741:344
742:340;Pello;Rattostunturi;90;2;740:340-744:344;742;340;valmis;https://tulokset.lintuatlas.fi/grid/742:340
742:341;Rovaniemi;Marrasjärvi;90;2;740:340-744:344;742;341;kyllä;https://tulokset.lintuatlas.fi/grid/742:341
742:342;Rovaniemi;Meltaus;90;2;740:340-744:344;742;342;valmis;https://tulokset.lintuatlas.fi/grid/742:342
742:343;Rovaniemi;Vaittausjärvi;90;2;740:340-744:344;742;343;valmis;https://tulokset.lintuatlas.fi/grid/742:343
742:344;Rovaniemi;Suopajärvi;90;2;740:340-744:344;742;344;kyllä;https://tulokset.lintuatlas.fi/grid/742:344
743:340;Rovaniemi;Otuslamminmaa;90;2;740:340-744:344;743;340;ei;https://tulokset.lintuatlas.fi/grid/743:340
743:341;Rovaniemi;Äijävaara;90;2;740:340-744:344;743;341;valmis;https://tulokset.lintuatlas.fi/grid/743:341
743:342;Rovaniemi;Tolonen;90;2;740:340-744:344;743;342;kyllä;https://tulokset.lintuatlas.fi/grid/743:342
743:343;Rovaniemi;Perttaus;90;2;740:340-744:344;743;343;kyllä;https://tulokset.lintuatlas.fi/grid/743:343
743:344;Rovaniemi;Saittanulkki;90;2;740:340-744:344;743;344;ei;https://tulokset.lintuatlas.fi/grid/743:344
744:340;Rovaniemi;Pyytöselkä;90;2;740:340-744:344;744;340;ei;https://tulokset.lintuatlas.fi/grid/744:340
744:341;Rovaniemi;Molkoköngäs;90;2;740:340-744:344;744;341;valmis;https://tulokset.lintuatlas.fi/grid/744:341
744:342;Rovaniemi;Perttausjärvi;90;2;740:340-744:344;744;342;kyllä;https://tulokset.lintuatlas.fi/grid/744:342
744:343;Rovaniemi;Osma;90;2;740:340-744:344;744;343;ei;https://tulokset.lintuatlas.fi/grid/744:343
744:344;Rovaniemi;Unarinköngäs;90;2;740:340-744:344;744;344;ei;https://tulokset.lintuatlas.fi/grid/744:344
740:345;Rovaniemi;Perunkajärvi;90;3;740:345-744:349;740;345;kyllä;https://tulokset.lintuatlas.fi/grid/740:345
740:346;Rovaniemi;Ala-Nampa;90;3;740:345-744:349;740;346;kyllä;https://tulokset.lintuatlas.fi/grid/740:346
740:347;Rovaniemi;Iso Hirvasjärvi;90;3;740:345-744:349;740;347;kyllä;https://tulokset.lintuatlas.fi/grid/740:347
740:348;Kemijärvi;Keskijärvi;90;3;740:345-744:349;740;348;kyllä;https://tulokset.lintuatlas.fi/grid/740:348
740:349;Kemijärvi;Rovajärvi;90;3;740:345-744:349;740;349;ei;https://tulokset.lintuatlas.fi/grid/740:349
741:345;Rovaniemi;Saari-Joutsiselkä;90;3;740:345-744:349;741;345;kyllä;https://tulokset.lintuatlas.fi/grid/741:345
741:346;Rovaniemi;Yli-Nampa;90;3;740:345-744:349;741;346;kyllä;https://tulokset.lintuatlas.fi/grid/741:346
741:347;Rovaniemi;Tulkaselkä;90;3;740:345-744:349;741;347;ei;https://tulokset.lintuatlas.fi/grid/741:347
741:348;Kemijärvi;Ristilampi;90;3;740:345-744:349;741;348;kyllä;https://tulokset.lintuatlas.fi/grid/741:348
741:349;Kemijärvi;Enijärvi;90;3;740:345-744:349;741;349;kyllä;https://tulokset.lintuatlas.fi/grid/741:349
742:345;Rovaniemi;Kutuselkä;90;3;740:345-744:349;742;345;ei;https://tulokset.lintuatlas.fi/grid/742:345
742:346;Rovaniemi;Tiainen;90;3;740:345-744:349;742;346;valmis;https://tulokset.lintuatlas.fi/grid/742:346
742:347;Kemijärvi;Poojärvi;90;3;740:345-744:349;742;347;ei;https://tulokset.lintuatlas.fi/grid/742:347
742:348;Kemijärvi;Suontaanselkä;90;3;740:345-744:349;742;348;ei;https://tulokset.lintuatlas.fi/grid/742:348
742:349;Kemijärvi;Javarus;90;3;740:345-744:349;742;349;valmis;https://tulokset.lintuatlas.fi/grid/742:349
743:345;Rovaniemi;Niesijärvi;90;3;740:345-744:349;743;345;kyllä;https://tulokset.lintuatlas.fi/grid/743:345
743:346;Rovaniemi;Käyrämöjärvi;90;3;740:345-744:349;743;346;valmis;https://tulokset.lintuatlas.fi/grid/743:346
743:347;Sodankylä;Raudanjoki;90;3;740:345-744:349;743;347;kyllä;https://tulokset.lintuatlas.fi/grid/743:347
743:348;Sodankylä;Loviaapa;90;3;740:345-744:349;743;348;kyllä;https://tulokset.lintuatlas.fi/grid/743:348
743:349;Kemijärvi;Haikara-aapa;90;3;740:345-744:349;743;349;kyllä;https://tulokset.lintuatlas.fi/grid/743:349
744:345;Rovaniemi;Joukhaisvaara;90;3;740:345-744:349;744;345;ei;https://tulokset.lintuatlas.fi/grid/744:345
744:346;Sodankylä;Auvojärvi;90;3;740:345-744:349;744;346;kyllä;https://tulokset.lintuatlas.fi/grid/744:346
744:347;Sodankylä;Suikeloaapa;90;3;740:345-744:349;744;347;kyllä;https://tulokset.lintuatlas.fi/grid/744:347
744:348;Sodankylä;Vuojärvi;90;3;740:345-744:349;744;348;valmis;https://tulokset.lintuatlas.fi/grid/744:348
744:349;Sodankylä;Vuovaara;90;3;740:345-744:349;744;349;valmis;https://tulokset.lintuatlas.fi/grid/744:349
740:350;Kemijärvi;Sarriojärvi;90;4;740:350-744:354;740;350;ei;https://tulokset.lintuatlas.fi/grid/740:350
740:351;Kemijärvi;Särkikangas;90;4;740:350-744:354;740;351;valmis;https://tulokset.lintuatlas.fi/grid/740:351
740:352;Kemijärvi;Kallaanvaara;90;4;740:350-744:354;740;352;valmis;https://tulokset.lintuatlas.fi/grid/740:352
740:353;Kemijärvi;Pietariselkä;90;4;740:350-744:354;740;353;valmis;https://tulokset.lintuatlas.fi/grid/740:353
740:354;Kemijärvi;Hämeenjänkä;90;4;740:350-744:354;740;354;kyllä;https://tulokset.lintuatlas.fi/grid/740:354
741:350;Kemijärvi;Tarsavaara;90;4;740:350-744:354;741;350;kyllä;https://tulokset.lintuatlas.fi/grid/741:350
741:351;Kemijärvi;Leväranta;90;4;740:350-744:354;741;351;valmis;https://tulokset.lintuatlas.fi/grid/741:351
741:352;Kemijärvi;Kostamo;90;4;740:350-744:354;741;352;valmis;https://tulokset.lintuatlas.fi/grid/741:352
741:353;Kemijärvi;Junnikka;90;4;740:350-744:354;741;353;valmis;https://tulokset.lintuatlas.fi/grid/741:353
741:354;Salla;Isohalme;90;4;740:350-744:354;741;354;valmis;https://tulokset.lintuatlas.fi/grid/741:354
742:350;Kemijärvi;Jäkälätunturi;90;4;740:350-744:354;742;350;valmis;https://tulokset.lintuatlas.fi/grid/742:350
742:351;Kemijärvi;Tapionniemi;90;4;740:350-744:354;742;351;kyllä;https://tulokset.lintuatlas.fi/grid/742:351
742:352;Kemijärvi;Oinas;90;4;740:350-744:354;742;352;valmis;https://tulokset.lintuatlas.fi/grid/742:352
742:353;Kemijärvi;Hirvas-Nuoli;90;4;740:350-744:354;742;353;ei;https://tulokset.lintuatlas.fi/grid/742:353
742:354;Salla;Pahkakumpu;90;4;740:350-744:354;742;354;ei;https://tulokset.lintuatlas.fi/grid/742:354
743:350;Pelkosenniemi;Pyhätunturi;90;4;740:350-744:354;743;350;valmis;https://tulokset.lintuatlas.fi/grid/743:350
743:351;Kemijärvi;Vuostimojärvi;90;4;740:350-744:354;743;351;valmis;https://tulokset.lintuatlas.fi/grid/743:351
743:352;Kemijärvi;Vuostimo;90;4;740:350-744:354;743;352;valmis;https://tulokset.lintuatlas.fi/grid/743:352
743:353;Pelkosenniemi;Säynäjäjärvi;90;4;740:350-744:354;743;353;valmis;https://tulokset.lintuatlas.fi/grid/743:353
743:354;Salla;Ahvenselkä;90;4;740:350-744:354;743;354;ei;https://tulokset.lintuatlas.fi/grid/743:354
744:350;Pelkosenniemi;Rykimäselkä;90;4;740:350-744:354;744;350;valmis;https://tulokset.lintuatlas.fi/grid/744:350
744:351;Pelkosenniemi;Korvakumpu;90;4;740:350-744:354;744;351;valmis;https://tulokset.lintuatlas.fi/grid/744:351
744:352;Pelkosenniemi;Pelkosenniemen kk;90;4;740:350-744:354;744;352;valmis;https://tulokset.lintuatlas.fi/grid/744:352
744:353;Pelkosenniemi;Parnavaara;90;4;740:350-744:354;744;353;ei;https://tulokset.lintuatlas.fi/grid/744:353
744:354;Pelkosenniemi;Kummitsoiva;90;4;740:350-744:354;744;354;ei;https://tulokset.lintuatlas.fi/grid/744:354
740:355;Salla;Lapajärvi;90;5;740:355-744:359;740;355;valmis;https://tulokset.lintuatlas.fi/grid/740:355
740:356;Salla;Vilmatunturi;90;5;740:355-744:359;740;356;valmis;https://tulokset.lintuatlas.fi/grid/740:356
740:357;Salla;Pieni Pyhätunturi;90;5;740:355-744:359;740;357;valmis;https://tulokset.lintuatlas.fi/grid/740:357
740:358;Salla;Haltiajärvi;90;5;740:355-744:359;740;358;kyllä;https://tulokset.lintuatlas.fi/grid/740:358
740:359;Salla;Hossoaapa;90;5;740:355-744:359;740;359;valmis;https://tulokset.lintuatlas.fi/grid/740:359
740:360;Salla;Possoliselkä;72;5;740:355-744:359;740;360;ei;https://tulokset.lintuatlas.fi/grid/740:360
741:355;Salla;Talvinkovaara;90;5;740:355-744:359;741;355;valmis;https://tulokset.lintuatlas.fi/grid/741:355
741:356;Salla;Salmivaara;90;5;740:355-744:359;741;356;valmis;https://tulokset.lintuatlas.fi/grid/741:356
741:357;Salla;Sallan kk;90;5;740:355-744:359;741;357;valmis;https://tulokset.lintuatlas.fi/grid/741:357
741:358;Salla;Koutoiva;90;5;740:355-744:359;741;358;valmis;https://tulokset.lintuatlas.fi/grid/741:358
741:359;Salla;Kirilahti;72;5;740:355-744:359;741;359;ei;https://tulokset.lintuatlas.fi/grid/741:359
742:355;Salla;Jalkavaara;90;5;740:355-744:359;742;355;ei;https://tulokset.lintuatlas.fi/grid/742:355
742:356;Salla;Mattilanmäki;90;5;740:355-744:359;742;356;valmis;https://tulokset.lintuatlas.fi/grid/742:356
742:357;Salla;Termusaapa;90;5;740:355-744:359;742;357;valmis;https://tulokset.lintuatlas.fi/grid/742:357
742:358;Salla;Kelloselkä;90;5;740:355-744:359;742;358;valmis;https://tulokset.lintuatlas.fi/grid/742:358
742:359;Salla;Aatsingin itäpuoli;72;5;740:355-744:359;742;359;ei;https://tulokset.lintuatlas.fi/grid/742:359
743:355;Salla;Varvikko;90;5;740:355-744:359;743;355;kyllä;https://tulokset.lintuatlas.fi/grid/743:355
743:356;Salla;Tiukurova;90;5;740:355-744:359;743;356;ei;https://tulokset.lintuatlas.fi/grid/743:356
743:357;Salla;Varpuselkä;90;5;740:355-744:359;743;357;kyllä;https://tulokset.lintuatlas.fi/grid/743:357
743:358;Salla;Kotala;90;5;740:355-744:359;743;358;valmis;https://tulokset.lintuatlas.fi/grid/743:358
743:359;Salla;Matsokkaharju;72;5;740:355-744:359;743;359;ei;https://tulokset.lintuatlas.fi/grid/743:359
744:355;Salla;Vuotostunturi;90;5;740:355-744:359;744;355;kyllä;https://tulokset.lintuatlas.fi/grid/744:355
744:356;Salla;Kuppiaapa;90;5;740:355-744:359;744;356;valmis;https://tulokset.lintuatlas.fi/grid/744:356
744:357;Salla;Saija;90;5;740:355-744:359;744;357;valmis;https://tulokset.lintuatlas.fi/grid/744:357
744:358;Salla;Mukkala;90;5;740:355-744:359;744;358;valmis;https://tulokset.lintuatlas.fi/grid/744:358
744:359;Salla;Ylimmäinen Rovanuppa;72;5;740:355-744:359;744;359;valmis;https://tulokset.lintuatlas.fi/grid/744:359
748:334;Muonio;Aareakangas;72;6;745:330-749:334;748;334;kyllä;https://tulokset.lintuatlas.fi/grid/748:334
749:334;Muonio;Kaalomovaara;72;6;745:330-749:334;749;334;kyllä;https://tulokset.lintuatlas.fi/grid/749:334
745:335;Kolari;Korkealehto;90;7;745:335-749:339;745;335;valmis;https://tulokset.lintuatlas.fi/grid/745:335
745:336;Kolari;Sieppuvaara;90;7;745:335-749:339;745;336;kyllä;https://tulokset.lintuatlas.fi/grid/745:336
745:337;Kolari;Poikkijärvi;90;7;745:335-749:339;745;337;ei;https://tulokset.lintuatlas.fi/grid/745:337
745:338;Kolari;Ruokojärvi;90;7;745:335-749:339;745;338;valmis;https://tulokset.lintuatlas.fi/grid/745:338
745:339;Kolari;Juustovaara;90;7;745:335-749:339;745;339;kyllä;https://tulokset.lintuatlas.fi/grid/745:339
746:335;Kolari;Kelloniemi;90;7;745:335-749:339;746;335;ei;https://tulokset.lintuatlas.fi/grid/746:335
746:336;Kolari;Pohjasenvaara;90;7;745:335-749:339;746;336;kyllä;https://tulokset.lintuatlas.fi/grid/746:336
746:337;Kolari;Vaattojärvi;90;7;745:335-749:339;746;337;kyllä;https://tulokset.lintuatlas.fi/grid/746:337
746:338;Kolari;Iso-Kelhu;90;7;745:335-749:339;746;338;kyllä;https://tulokset.lintuatlas.fi/grid/746:338
746:339;Kolari;Hirvasselkä;90;7;745:335-749:339;746;339;ei;https://tulokset.lintuatlas.fi/grid/746:339
747:335;Kolari;Lompolonniva;72;7;745:335-749:339;747;335;ei;https://tulokset.lintuatlas.fi/grid/747:335
747:336;Kolari;Kolarin kk;90;7;745:335-749:339;747;336;valmis;https://tulokset.lintuatlas.fi/grid/747:336
747:337;Kolari;Teurajärvi;90;7;745:335-749:339;747;337;valmis;https://tulokset.lintuatlas.fi/grid/747:337
747:338;Kolari;Ylijärvi;90;7;745:335-749:339;747;338;kyllä;https://tulokset.lintuatlas.fi/grid/747:338
747:339;Kittilä;Haisuvuoma;90;7;745:335-749:339;747;339;ei;https://tulokset.lintuatlas.fi/grid/747:339
748:335;Kolari;Äkäsjokisuu;72;7;745:335-749:339;748;335;ei;https://tulokset.lintuatlas.fi/grid/748:335
748:336;Kolari;Paloselkä;90;7;745:335-749:339;748;336;valmis;https://tulokset.lintuatlas.fi/grid/748:336
748:337;Kolari;Kurtakkojärvi;90;7;745:335-749:339;748;337;valmis;https://tulokset.lintuatlas.fi/grid/748:337
748:338;Kittilä;Portinvuoma;90;7;745:335-749:339;748;338;valmis;https://tulokset.lintuatlas.fi/grid/748:338
748:339;Kittilä;Kallo;90;7;745:335-749:339;748;339;valmis;https://tulokset.lintuatlas.fi/grid/748:339
749:335;Muonio;Tapojärvi;90;7;745:335-749:339;749;335;valmis;https://tulokset.lintuatlas.fi/grid/749:335
749:336;Kolari;Taporova;90;7;745:335-749:339;749;336;valmis;https://tulokset.lintuatlas.fi/grid/749:336
749:337;Kolari;Luosu;90;7;745:335-749:339;749;337;valmis;https://tulokset.lintuatlas.fi/grid/749:337
749:338;Kolari;Ylläsjärvi;90;7;745:335-749:339;749;338;valmis;https://tulokset.lintuatlas.fi/grid/749:338
749:339;Kittilä;Jauhojärvi;90;7;745:335-749:339;749;339;valmis;https://tulokset.lintuatlas.fi/grid/749:339
745:340;Rovaniemi;Porkkavaara;90;8;745:340-749:344;745;340;kyllä;https://tulokset.lintuatlas.fi/grid/745:340
745:341;Rovaniemi;Lohiniva;90;8;745:340-749:344;745;341;valmis;https://tulokset.lintuatlas.fi/grid/745:341
745:342;Kittilä;Kinisjärvi;90;8;745:340-749:344;745;342;kyllä;https://tulokset.lintuatlas.fi/grid/745:342
745:343;Sodankylä;Kukasjärvi;90;8;745:340-749:344;745;343;ei;https://tulokset.lintuatlas.fi/grid/745:343
745:344;Sodankylä;Unari;90;8;745:340-749:344;745;344;valmis;https://tulokset.lintuatlas.fi/grid/745:344
746:340;Kittilä;Tuuliharju;90;8;745:340-749:344;746;340;ei;https://tulokset.lintuatlas.fi/grid/746:340
746:341;Kittilä;Taka-Vaimasjärvi;90;8;745:340-749:344;746;341;kyllä;https://tulokset.lintuatlas.fi/grid/746:341
746:342;Kittilä;Molkojärvi;90;8;745:340-749:344;746;342;kyllä;https://tulokset.lintuatlas.fi/grid/746:342
746:343;Sodankylä;Kierinki;90;8;745:340-749:344;746;343;valmis;https://tulokset.lintuatlas.fi/grid/746:343
746:344;Sodankylä;Tuulusvaara;90;8;745:340-749:344;746;344;kyllä;https://tulokset.lintuatlas.fi/grid/746:344
747:340;Kittilä;Alakylä;90;8;745:340-749:344;747;340;valmis;https://tulokset.lintuatlas.fi/grid/747:340
747:341;Kittilä;Luuvaara;90;8;745:340-749:344;747;341;kyllä;https://tulokset.lintuatlas.fi/grid/747:341
747:342;Kittilä;Maunujärvi;90;8;745:340-749:344;747;342;kyllä;https://tulokset.lintuatlas.fi/grid/747:342
747:343;Kittilä;Raasuvuoma;90;8;745:340-749:344;747;343;kyllä;https://tulokset.lintuatlas.fi/grid/747:343
747:344;Sodankylä;Löysäkinaapa;90;8;745:340-749:344;747;344;ei;https://tulokset.lintuatlas.fi/grid/747:344
748:340;Kittilä;Rapakonvuoma;90;8;745:340-749:344;748;340;kyllä;https://tulokset.lintuatlas.fi/grid/748:340
748:341;Kittilä;Kaukonen;90;8;745:340-749:344;748;341;kyllä;https://tulokset.lintuatlas.fi/grid/748:341
748:342;Kittilä;Timakkavuoma;90;8;745:340-749:344;748;342;ei;https://tulokset.lintuatlas.fi/grid/748:342
748:343;Kittilä;Iso-Näätävuoma;90;8;745:340-749:344;748;343;kyllä;https://tulokset.lintuatlas.fi/grid/748:343
748:344;Kittilä;Kantoselkä;90;8;745:340-749:344;748;344;ei;https://tulokset.lintuatlas.fi/grid/748:344
749:340;Kittilä;Ollerokanvuoma;90;8;745:340-749:344;749;340;valmis;https://tulokset.lintuatlas.fi/grid/749:340
749:341;Kittilä;Särestöniemi;90;8;745:340-749:344;749;341;valmis;https://tulokset.lintuatlas.fi/grid/749:341
749:342;Kittilä;Iso-Nilipää;90;8;745:340-749:344;749;342;ei;https://tulokset.lintuatlas.fi/grid/749:342
749:343;Kittilä;Kelontekemäjärvi;90;8;745:340-749:344;749;343;valmis;https://tulokset.lintuatlas.fi/grid/749:343
749:344;Kittilä;Tepsa;90;8;745:340-749:344;749;344;valmis;https://tulokset.lintuatlas.fi/grid/749:344
745:345;Sodankylä;Morottaja;90;9;745:345-749:349;745;345;ei;https://tulokset.lintuatlas.fi/grid/745:345
745:346;Sodankylä;Seipäjärvi;90;9;745:345-749:349;745;346;valmis;https://tulokset.lintuatlas.fi/grid/745:346
745:347;Sodankylä;Ruikanaapa;90;9;745:345-749:349;745;347;ei;https://tulokset.lintuatlas.fi/grid/745:347
745:348;Sodankylä;Torvinen;90;9;745:345-749:349;745;348;valmis;https://tulokset.lintuatlas.fi/grid/745:348
745:349;Sodankylä;Luosto;90;9;745:345-749:349;745;349;valmis;https://tulokset.lintuatlas.fi/grid/745:349
746:345;Sodankylä;Sassalinjärvi;90;9;745:345-749:349;746;345;valmis;https://tulokset.lintuatlas.fi/grid/746:345
746:346;Sodankylä;Kulvakkojärvi;90;9;745:345-749:349;746;346;valmis;https://tulokset.lintuatlas.fi/grid/746:346
746:347;Sodankylä;Juppurat;90;9;745:345-749:349;746;347;ei;https://tulokset.lintuatlas.fi/grid/746:347
746:348;Sodankylä;Aska;90;9;745:345-749:349;746;348;valmis;https://tulokset.lintuatlas.fi/grid/746:348
746:349;Sodankylä;Leviäaapa;90;9;745:345-749:349;746;349;ei;https://tulokset.lintuatlas.fi/grid/746:349
747:345;Sodankylä;Riipijärvi;90;9;745:345-749:349;747;345;valmis;https://tulokset.lintuatlas.fi/grid/747:345
747:346;Sodankylä;Joukhaisselkä;90;9;745:345-749:349;747;346;valmis;https://tulokset.lintuatlas.fi/grid/747:346
747:347;Sodankylä;Akkalanselkä;90;9;745:345-749:349;747;347;ei;https://tulokset.lintuatlas.fi/grid/747:347
747:348;Sodankylä;Jänkävuopajanaapa;90;9;745:345-749:349;747;348;valmis;https://tulokset.lintuatlas.fi/grid/747:348
747:349;Sodankylä;Orajärvi;90;9;745:345-749:349;747;349;valmis;https://tulokset.lintuatlas.fi/grid/747:349
748:345;Sodankylä;Iso-Sarrio;90;9;745:345-749:349;748;345;ei;https://tulokset.lintuatlas.fi/grid/748:345
748:346;Sodankylä;Vaalajärvi;90;9;745:345-749:349;748;346;valmis;https://tulokset.lintuatlas.fi/grid/748:346
748:347;Sodankylä;Pittiövaara;90;9;745:345-749:349;748;347;valmis;https://tulokset.lintuatlas.fi/grid/748:347
748:348;Sodankylä;Sodankylän kk;90;9;745:345-749:349;748;348;valmis;https://tulokset.lintuatlas.fi/grid/748:348
748:349;Sodankylä;Siurunmaa;90;9;745:345-749:349;748;349;valmis;https://tulokset.lintuatlas.fi/grid/748:349
749:345;Sodankylä;Jeesiö;90;9;745:345-749:349;749;345;valmis;https://tulokset.lintuatlas.fi/grid/749:345
749:346;Sodankylä;Kaarestunturi;90;9;745:345-749:349;749;346;valmis;https://tulokset.lintuatlas.fi/grid/749:346
749:347;Sodankylä;Sukuvaara;90;9;745:345-749:349;749;347;kyllä;https://tulokset.lintuatlas.fi/grid/749:347
749:348;Sodankylä;Sattanen;90;9;745:345-749:349;749;348;valmis;https://tulokset.lintuatlas.fi/grid/749:348
749:349;Sodankylä;Viiankiaapa;90;9;745:345-749:349;749;349;valmis;https://tulokset.lintuatlas.fi/grid/749:349
745:350;Pelkosenniemi;Keinoselkä;90;10;745:350-749:354;745;350;kyllä;https://tulokset.lintuatlas.fi/grid/745:350
745:351;Pelkosenniemi;Suvanto;90;10;745:350-749:354;745;351;valmis;https://tulokset.lintuatlas.fi/grid/745:351
745:352;Pelkosenniemi;Sudenvaara;90;10;745:350-749:354;745;352;valmis;https://tulokset.lintuatlas.fi/grid/745:352
745:353;Pelkosenniemi;Matalaisenvaara;90;10;745:350-749:354;745;353;valmis;https://tulokset.lintuatlas.fi/grid/745:353
745:354;Savukoski;Viitaranta;90;10;745:350-749:354;745;354;ei;https://tulokset.lintuatlas.fi/grid/745:354
746:350;Pelkosenniemi;Tongosoiva;90;10;745:350-749:354;746;350;kyllä;https://tulokset.lintuatlas.fi/grid/746:350
746:351;Pelkosenniemi;Tuormusjärvi;90;10;745:350-749:354;746;351;valmis;https://tulokset.lintuatlas.fi/grid/746:351
746:352;Pelkosenniemi;Sakkala-aapa;90;10;745:350-749:354;746;352;valmis;https://tulokset.lintuatlas.fi/grid/746:352
746:353;Savukoski;Lunkkaus;90;10;745:350-749:354;746;353;kyllä;https://tulokset.lintuatlas.fi/grid/746:353
746:354;Savukoski;Mukkavaara;90;10;745:350-749:354;746;354;valmis;https://tulokset.lintuatlas.fi/grid/746:354
747:350;Sodankylä;Oratunturi;90;10;745:350-749:354;747;350;kyllä;https://tulokset.lintuatlas.fi/grid/747:350
747:351;Pelkosenniemi;Härkävaara;90;10;745:350-749:354;747;351;ei;https://tulokset.lintuatlas.fi/grid/747:351
747:352;Savukoski;Keikkuma-Aapa;90;10;745:350-749:354;747;352;ei;https://tulokset.lintuatlas.fi/grid/747:352
747:353;Savukoski;Vasatunturinniekka;90;10;745:350-749:354;747;353;ei;https://tulokset.lintuatlas.fi/grid/747:353
747:354;Savukoski;Aravaara;90;10;745:350-749:354;747;354;valmis;https://tulokset.lintuatlas.fi/grid/747:354
748:350;Sodankylä;Kelujärvi;90;10;745:350-749:354;748;350;valmis;https://tulokset.lintuatlas.fi/grid/748:350
748:351;Savukoski;Laukkuvaara;90;10;745:350-749:354;748;351;valmis;https://tulokset.lintuatlas.fi/grid/748:351
748:352;Savukoski;Iso Sapakkakumpu;90;10;745:350-749:354;748;352;ei;https://tulokset.lintuatlas.fi/grid/748:352
748:353;Savukoski;Pyörreselkä;90;10;745:350-749:354;748;353;kyllä;https://tulokset.lintuatlas.fi/grid/748:353
748:354;Savukoski;Värriö;90;10;745:350-749:354;748;354;valmis;https://tulokset.lintuatlas.fi/grid/748:354
749:350;Sodankylä;Suksivaara;90;10;745:350-749:354;749;350;kyllä;https://tulokset.lintuatlas.fi/grid/749:350
749:351;Sodankylä;Suksiaapa;90;10;745:350-749:354;749;351;ei;https://tulokset.lintuatlas.fi/grid/749:351
749:352;Savukoski;Tanhua;90;10;745:350-749:354;749;352;valmis;https://tulokset.lintuatlas.fi/grid/749:352
749:353;Savukoski;Seitajärvi;90;10;745:350-749:354;749;353;valmis;https://tulokset.lintuatlas.fi/grid/749:353
749:354;Savukoski;Kintasaapa;90;10;745:350-749:354;749;354;valmis;https://tulokset.lintuatlas.fi/grid/749:354
745:355;Savukoski;Akanvaara;90;11;745:355-749:359;745;355;ei;https://tulokset.lintuatlas.fi/grid/745:355
745:356;Savukoski;Kuoskuvaara;90;11;745:355-749:359;745;356;valmis;https://tulokset.lintuatlas.fi/grid/745:356
745:357;Savukoski;Nousu;90;11;745:355-749:359;745;357;kyllä;https://tulokset.lintuatlas.fi/grid/745:357
745:358;Salla;Aukianseljänvaara;90;11;745:355-749:359;745;358;kyllä;https://tulokset.lintuatlas.fi/grid/745:358
745:359;Salla;Naruska;90;11;745:355-749:359;745;359;valmis;https://tulokset.lintuatlas.fi/grid/745:359
746:355;Savukoski;Kuoskunjärvi;90;11;745:355-749:359;746;355;valmis;https://tulokset.lintuatlas.fi/grid/746:355
746:356;Savukoski;Kuosku;90;11;745:355-749:359;746;356;valmis;https://tulokset.lintuatlas.fi/grid/746:356
746:357;Savukoski;Lavaselkä;90;11;745:355-749:359;746;357;ei;https://tulokset.lintuatlas.fi/grid/746:357
746:358;Salla;Tarpomoiva;90;11;745:355-749:359;746;358;kyllä;https://tulokset.lintuatlas.fi/grid/746:358
746:359;Salla;Jauratustunturi;90;11;745:355-749:359;746;359;valmis;https://tulokset.lintuatlas.fi/grid/746:359
747:355;Savukoski;Vuospajanselkä;90;11;745:355-749:359;747;355;ei;https://tulokset.lintuatlas.fi/grid/747:355
747:356;Savukoski;Vuossoiva;90;11;745:355-749:359;747;356;ei;https://tulokset.lintuatlas.fi/grid/747:356
747:357;Savukoski;Kaunisvaara;90;11;745:355-749:359;747;357;ei;https://tulokset.lintuatlas.fi/grid/747:357
747:358;Salla;Maltiotunturi;90;11;745:355-749:359;747;358;kyllä;https://tulokset.lintuatlas.fi/grid/747:358
747:359;Salla;Suoltoiva;90;11;745:355-749:359;747;359;kyllä;https://tulokset.lintuatlas.fi/grid/747:359
748:355;Savukoski;Martti;90;11;745:355-749:359;748;355;valmis;https://tulokset.lintuatlas.fi/grid/748:355
748:356;Savukoski;Kota-aapa;90;11;745:355-749:359;748;356;valmis;https://tulokset.lintuatlas.fi/grid/748:356
748:357;Savukoski;Koukkutunturi;90;11;745:355-749:359;748;357;kyllä;https://tulokset.lintuatlas.fi/grid/748:357
748:358;Savukoski;Pöytösvaara;90;11;745:355-749:359;748;358;valmis;https://tulokset.lintuatlas.fi/grid/748:358
748:359;Salla;Joutsitunturi;90;11;745:355-749:359;748;359;valmis;https://tulokset.lintuatlas.fi/grid/748:359
749:355;Savukoski;Iso Marjavaara;90;11;745:355-749:359;749;355;kyllä;https://tulokset.lintuatlas.fi/grid/749:355
749:356;Savukoski;Kontiokoski;90;11;745:355-749:359;749;356;kyllä;https://tulokset.lintuatlas.fi/grid/749:356
749:357;Savukoski;Honkamukka;90;11;745:355-749:359;749;357;ei;https://tulokset.lintuatlas.fi/grid/749:357
749:358;Savukoski;Siuruvaara;90;11;745:355-749:359;749;358;kyllä;https://tulokset.lintuatlas.fi/grid/749:358
749:359;Savukoski;Pietsivaara;90;11;745:355-749:359;749;359;kyllä;https://tulokset.lintuatlas.fi/grid/749:359
745:360;Salla;Nilitunturi;72;12;745:360-749:364;745;360;kyllä;https://tulokset.lintuatlas.fi/grid/745:360
746:360;Salla;Sätsivaara;90;12;745:360-749:364;746;360;valmis;https://tulokset.lintuatlas.fi/grid/746:360
747:360;Salla;Vasavaara;90;12;745:360-749:364;747;360;valmis;https://tulokset.lintuatlas.fi/grid/747:360
747:361;Salla;Siuloiva;72;12;745:360-749:364;747;361;ei;https://tulokset.lintuatlas.fi/grid/747:361
748:360;Salla;Aitatsivaarat;90;12;745:360-749:364;748;360;valmis;https://tulokset.lintuatlas.fi/grid/748:360
748:361;Salla;Sorsatunturi;90;12;745:360-749:364;748;361;kyllä;https://tulokset.lintuatlas.fi/grid/748:361
748:362;Salla;Jaltakkilampi;72;12;745:360-749:364;748;362;ei;https://tulokset.lintuatlas.fi/grid/748:362
749:360;Salla;Verkkomaselkä;90;12;745:360-749:364;749;360;kyllä;https://tulokset.lintuatlas.fi/grid/749:360
749:361;Salla;Nuolusoiva;90;12;745:360-749:364;749;361;valmis;https://tulokset.lintuatlas.fi/grid/749:361
749:362;Salla;Ulmakuusikko;72;12;745:360-749:364;749;362;kyllä;https://tulokset.lintuatlas.fi/grid/749:362
750:334;Muonio;Kutuniva;72;13;750:335-754:339;750;334;ei;https://tulokset.lintuatlas.fi/grid/750:334
750:335;Muonio;Kihlanki;90;13;750:335-754:339;750;335;ei;https://tulokset.lintuatlas.fi/grid/750:335
750:336;Muonio;Pakajärvi;90;13;750:335-754:339;750;336;valmis;https://tulokset.lintuatlas.fi/grid/750:336
750:337;Kolari;Äkäslompolo;90;13;750:335-754:339;750;337;valmis;https://tulokset.lintuatlas.fi/grid/750:337
750:338;Kolari;Kesänkijärvi;90;13;750:335-754:339;750;338;valmis;https://tulokset.lintuatlas.fi/grid/750:338
750:339;Kittilä;Iso-Totovaara;90;13;750:335-754:339;750;339;valmis;https://tulokset.lintuatlas.fi/grid/750:339
751:335;Muonio;Käkinivanvaara;90;13;750:335-754:339;751;335;kyllä;https://tulokset.lintuatlas.fi/grid/751:335
751:336;Muonio;Särkiselkä;90;13;750:335-754:339;751;336;kyllä;https://tulokset.lintuatlas.fi/grid/751:336
751:337;Muonio;Tiurajärvi;90;13;750:335-754:339;751;337;valmis;https://tulokset.lintuatlas.fi/grid/751:337
751:338;Kittilä;Iso Kukasvaara;90;13;750:335-754:339;751;338;valmis;https://tulokset.lintuatlas.fi/grid/751:338
751:339;Kittilä;Aakenustunturi;90;13;750:335-754:339;751;339;valmis;https://tulokset.lintuatlas.fi/grid/751:339
752:335;Muonio;Reponiemi;90;13;750:335-754:339;752;335;ei;https://tulokset.lintuatlas.fi/grid/752:335
752:336;Muonio;Löyttyvaara;90;13;750:335-754:339;752;336;ei;https://tulokset.lintuatlas.fi/grid/752:336
752:337;Muonio;Ruonavaara;90;13;750:335-754:339;752;337;kyllä;https://tulokset.lintuatlas.fi/grid/752:337
752:338;Kittilä;Linkukero;90;13;750:335-754:339;752;338;kyllä;https://tulokset.lintuatlas.fi/grid/752:338
752:339;Kittilä;Saattopora;90;13;750:335-754:339;752;339;ei;https://tulokset.lintuatlas.fi/grid/752:339
753:335;Muonio;Karsikkoniemi;90;13;750:335-754:339;753;335;ei;https://tulokset.lintuatlas.fi/grid/753:335
753:336;Muonio;Juuvanrova;90;13;750:335-754:339;753;336;kyllä;https://tulokset.lintuatlas.fi/grid/753:336
753:337;Muonio;Särkijärvi;90;13;750:335-754:339;753;337;valmis;https://tulokset.lintuatlas.fi/grid/753:337
753:338;Kittilä;Rauhala;90;13;750:335-754:339;753;338;valmis;https://tulokset.lintuatlas.fi/grid/753:338
753:339;Kittilä;Pöntsö;90;13;750:335-754:339;753;339;valmis;https://tulokset.lintuatlas.fi/grid/753:339
754:335;Muonio;Utkujoki;72;13;750:335-754:339;754;335;kyllä;https://tulokset.lintuatlas.fi/grid/754:335
754:336;Muonio;Muonion kk;90;13;750:335-754:339;754;336;valmis;https://tulokset.lintuatlas.fi/grid/754:336
754:337;Muonio;Toras-Sieppi;90;13;750:335-754:339;754;337;valmis;https://tulokset.lintuatlas.fi/grid/754:337
754:338;Kittilä;Keimiöjärvi;90;13;750:335-754:339;754;338;valmis;https://tulokset.lintuatlas.fi/grid/754:338
754:339;Kittilä;Ruskisrova;90;13;750:335-754:339;754;339;valmis;https://tulokset.lintuatlas.fi/grid/754:339
750:340;Kittilä;Isovaara;90;14;750:340-754:344;750;340;valmis;https://tulokset.lintuatlas.fi/grid/750:340
750:341;Kittilä;Ala-Kittilä;90;14;750:340-754:344;750;341;valmis;https://tulokset.lintuatlas.fi/grid/750:341
750:342;Kittilä;Pahkavuoma;90;14;750:340-754:344;750;342;valmis;https://tulokset.lintuatlas.fi/grid/750:342
750:343;Kittilä;Iso Mustavaara;90;14;750:340-754:344;750;343;valmis;https://tulokset.lintuatlas.fi/grid/750:343
750:344;Kittilä;Kuolajärvi;90;14;750:340-754:344;750;344;ei;https://tulokset.lintuatlas.fi/grid/750:344
751:340;Kittilä;Mantovuoma;90;14;750:340-754:344;751;340;valmis;https://tulokset.lintuatlas.fi/grid/751:340
751:341;Kittilä;Riikonkumpu;90;14;750:340-754:344;751;341;valmis;https://tulokset.lintuatlas.fi/grid/751:341
751:342;Kittilä;Sotkaselkä;90;14;750:340-754:344;751;342;kyllä;https://tulokset.lintuatlas.fi/grid/751:342
751:343;Kittilä;Kumputunturi;90;14;750:340-754:344;751;343;valmis;https://tulokset.lintuatlas.fi/grid/751:343
751:344;Kittilä;Kuoreslaki;90;14;750:340-754:344;751;344;ei;https://tulokset.lintuatlas.fi/grid/751:344
752:340;Kittilä;Sirkka;90;14;750:340-754:344;752;340;valmis;https://tulokset.lintuatlas.fi/grid/752:340
752:341;Kittilä;Taalovaara;90;14;750:340-754:344;752;341;valmis;https://tulokset.lintuatlas.fi/grid/752:341
752:342;Kittilä;Rasti;90;14;750:340-754:344;752;342;kyllä;https://tulokset.lintuatlas.fi/grid/752:342
752:343;Kittilä;Hanhilaki;90;14;750:340-754:344;752;343;valmis;https://tulokset.lintuatlas.fi/grid/752:343
752:344;Kittilä;Vesmajärvi;90;14;750:340-754:344;752;344;ei;https://tulokset.lintuatlas.fi/grid/752:344
753:340;Kittilä;Veitservasa;90;14;750:340-754:344;753;340;valmis;https://tulokset.lintuatlas.fi/grid/753:340
753:341;Kittilä;Rautuskylä;90;14;750:340-754:344;753;341;valmis;https://tulokset.lintuatlas.fi/grid/753:341
753:342;Kittilä;Päivänhohtovuoma;90;14;750:340-754:344;753;342;valmis;https://tulokset.lintuatlas.fi/grid/753:342
753:343;Kittilä;Kiistala;90;14;750:340-754:344;753;343;valmis;https://tulokset.lintuatlas.fi/grid/753:343
753:344;Kittilä;Paartoselkä;90;14;750:340-754:344;753;344;ei;https://tulokset.lintuatlas.fi/grid/753:344
754:340;Kittilä;Tepasto;90;14;750:340-754:344;754;340;valmis;https://tulokset.lintuatlas.fi/grid/754:340
754:341;Kittilä;Kuortanovuoma;90;14;750:340-754:344;754;341;valmis;https://tulokset.lintuatlas.fi/grid/754:341
754:342;Kittilä;Kellolaki;90;14;750:340-754:344;754;342;valmis;https://tulokset.lintuatlas.fi/grid/754:342
754:343;Kittilä;Pahasvuoma;90;14;750:340-754:344;754;343;ei;https://tulokset.lintuatlas.fi/grid/754:343
754:344;Kittilä;Seurukarkea;90;14;750:340-754:344;754;344;ei;https://tulokset.lintuatlas.fi/grid/754:344
750:345;Sodankylä;Kautoselkä;90;15;750:345-754:349;750;345;valmis;https://tulokset.lintuatlas.fi/grid/750:345
750:346;Sodankylä;Rajala;90;15;750:345-754:349;750;346;kyllä;https://tulokset.lintuatlas.fi/grid/750:346
750:347;Sodankylä;Sattasvaara;90;15;750:345-754:349;750;347;kyllä;https://tulokset.lintuatlas.fi/grid/750:347
750:348;Sodankylä;Postoaapa;90;15;750:345-754:349;750;348;valmis;https://tulokset.lintuatlas.fi/grid/750:348
750:349;Sodankylä;Moskuvaara;90;15;750:345-754:349;750;349;valmis;https://tulokset.lintuatlas.fi/grid/750:349
751:345;Sodankylä;Kuussattasselkä;90;15;750:345-754:349;751;345;ei;https://tulokset.lintuatlas.fi/grid/751:345
751:346;Sodankylä;Kallaanselkä;90;15;750:345-754:349;751;346;kyllä;https://tulokset.lintuatlas.fi/grid/751:346
751:347;Sodankylä;Möykkelmä;90;15;750:345-754:349;751;347;ei;https://tulokset.lintuatlas.fi/grid/751:347
751:348;Sodankylä;Ilmakkijärvi;90;15;750:345-754:349;751;348;valmis;https://tulokset.lintuatlas.fi/grid/751:348
751:349;Sodankylä;Petkula;90;15;750:345-754:349;751;349;valmis;https://tulokset.lintuatlas.fi/grid/751:349
752:345;Sodankylä;Tarpomapää;90;15;750:345-754:349;752;345;kyllä;https://tulokset.lintuatlas.fi/grid/752:345
752:346;Sodankylä;Paistipuolet;90;15;750:345-754:349;752;346;kyllä;https://tulokset.lintuatlas.fi/grid/752:346
752:347;Sodankylä;Tenniövaara;90;15;750:345-754:349;752;347;kyllä;https://tulokset.lintuatlas.fi/grid/752:347
752:348;Sodankylä;Peurasuvanto;90;15;750:345-754:349;752;348;valmis;https://tulokset.lintuatlas.fi/grid/752:348
752:349;Sodankylä;Rookkiaapa;90;15;750:345-754:349;752;349;valmis;https://tulokset.lintuatlas.fi/grid/752:349
753:345;Kittilä;Paljukka;90;15;750:345-754:349;753;345;ei;https://tulokset.lintuatlas.fi/grid/753:345
753:346;Sodankylä;Pokaselkä;90;15;750:345-754:349;753;346;kyllä;https://tulokset.lintuatlas.fi/grid/753:346
753:347;Sodankylä;Pomovaara;90;15;750:345-754:349;753;347;ei;https://tulokset.lintuatlas.fi/grid/753:347
753:348;Sodankylä;Madetkoski;90;15;750:345-754:349;753;348;valmis;https://tulokset.lintuatlas.fi/grid/753:348
753:349;Sodankylä;Kuusi-Lomavaara;90;15;750:345-754:349;753;349;valmis;https://tulokset.lintuatlas.fi/grid/753:349
754:345;Kittilä;Känsäselkä;90;15;750:345-754:349;754;345;ei;https://tulokset.lintuatlas.fi/grid/754:345
754:346;Sodankylä;Karjala-Aapa;90;15;750:345-754:349;754;346;kyllä;https://tulokset.lintuatlas.fi/grid/754:346
754:347;Sodankylä;Pomoaapa;90;15;750:345-754:349;754;347;ei;https://tulokset.lintuatlas.fi/grid/754:347
754:348;Sodankylä;Kunnasenvaara;90;15;750:345-754:349;754;348;kyllä;https://tulokset.lintuatlas.fi/grid/754:348
754:349;Sodankylä;Lohisarriot;90;15;750:345-754:349;754;349;kyllä;https://tulokset.lintuatlas.fi/grid/754:349
750:350;Sodankylä;Allema-Aapa;90;16;750:350-754:354;750;350;valmis;https://tulokset.lintuatlas.fi/grid/750:350
750:351;Sodankylä;Sokka-Voutavaara;90;16;750:350-754:354;750;351;valmis;https://tulokset.lintuatlas.fi/grid/750:351
750:352;Sodankylä;Kipittivaara;90;16;750:350-754:354;750;352;kyllä;https://tulokset.lintuatlas.fi/grid/750:352
750:353;Savukoski;Syiliövaara;90;16;750:350-754:354;750;353;valmis;https://tulokset.lintuatlas.fi/grid/750:353
750:354;Savukoski;Vuonnelovaara;90;16;750:350-754:354;750;354;kyllä;https://tulokset.lintuatlas.fi/grid/750:354
751:350;Sodankylä;Loueaapa;90;16;750:350-754:354;751;350;valmis;https://tulokset.lintuatlas.fi/grid/751:350
751:351;Sodankylä;Voutavaara;90;16;750:350-754:354;751;351;kyllä;https://tulokset.lintuatlas.fi/grid/751:351
751:352;Sodankylä;Iso Angeevaara;90;16;750:350-754:354;751;352;valmis;https://tulokset.lintuatlas.fi/grid/751:352
751:353;Sodankylä;Pikku Angeevaara;90;16;750:350-754:354;751;353;valmis;https://tulokset.lintuatlas.fi/grid/751:353
751:354;Savukoski;Ettisselkä;90;16;750:350-754:354;751;354;kyllä;https://tulokset.lintuatlas.fi/grid/751:354
752:350;Sodankylä;Koitelainen;90;16;750:350-754:354;752;350;ei;https://tulokset.lintuatlas.fi/grid/752:350
752:351;Sodankylä;Viuvaloaapa;90;16;750:350-754:354;752;351;valmis;https://tulokset.lintuatlas.fi/grid/752:351
752:352;Sodankylä;Lätäkkövaara;90;16;750:350-754:354;752;352;valmis;https://tulokset.lintuatlas.fi/grid/752:352
752:353;Sodankylä;Lokka;90;16;750:350-754:354;752;353;valmis;https://tulokset.lintuatlas.fi/grid/752:353
752:354;Savukoski;Painopää;90;16;750:350-754:354;752;354;ei;https://tulokset.lintuatlas.fi/grid/752:354
753:350;Sodankylä;Ruosseljänaapa;90;16;750:350-754:354;753;350;kyllä;https://tulokset.lintuatlas.fi/grid/753:350
753:351;Sodankylä;Kannamanaapa;90;16;750:350-754:354;753;351;kyllä;https://tulokset.lintuatlas.fi/grid/753:351
753:352;Sodankylä;Riesto;72;16;750:350-754:354;753;352;ei;https://tulokset.lintuatlas.fi/grid/753:352
753:353;Sodankylä;Vuollosvaara;90;16;750:350-754:354;753;353;valmis;https://tulokset.lintuatlas.fi/grid/753:353
753:354;Sodankylä;Jänesvaara;90;16;750:350-754:354;753;354;valmis;https://tulokset.lintuatlas.fi/grid/753:354
754:350;Sodankylä;Riskaskama;90;16;750:350-754:354;754;350;ei;https://tulokset.lintuatlas.fi/grid/754:350
754:351;Sodankylä;Muteria;90;16;750:350-754:354;754;351;ei;https://tulokset.lintuatlas.fi/grid/754:351
754:352;Sodankylä;Simuna-aapa;72;16;750:350-754:354;754;352;ei;https://tulokset.lintuatlas.fi/grid/754:352
754:353;Sodankylä;Muotkarova;90;16;750:350-754:354;754;353;kyllä;https://tulokset.lintuatlas.fi/grid/754:353
754:354;Sodankylä;Vuoruaapa;90;16;750:350-754:354;754;354;kyllä;https://tulokset.lintuatlas.fi/grid/754:354
750:355;Savukoski;Vitsikkoselkä;90;17;750:355-754:359;750;355;valmis;https://tulokset.lintuatlas.fi/grid/750:355
750:356;Savukoski;Vaklivaara;90;17;750:355-754:359;750;356;valmis;https://tulokset.lintuatlas.fi/grid/750:356
750:357;Savukoski;Ruuvaoja;90;17;750:355-754:359;750;357;valmis;https://tulokset.lintuatlas.fi/grid/750:357
750:358;Savukoski;Kuusi-Nurusvaara;90;17;750:355-754:359;750;358;valmis;https://tulokset.lintuatlas.fi/grid/750:358
750:359;Savukoski;Ahmatunturi;90;17;750:355-754:359;750;359;ei;https://tulokset.lintuatlas.fi/grid/750:359
751:355;Savukoski;Kalkovaara;90;17;750:355-754:359;751;355;valmis;https://tulokset.lintuatlas.fi/grid/751:355
751:356;Savukoski;Konnottivaara;90;17;750:355-754:359;751;356;valmis;https://tulokset.lintuatlas.fi/grid/751:356
751:357;Savukoski;Lattuna;90;17;750:355-754:359;751;357;valmis;https://tulokset.lintuatlas.fi/grid/751:357
751:358;Savukoski;Sotatunturit;90;17;750:355-754:359;751;358;valmis;https://tulokset.lintuatlas.fi/grid/751:358
751:359;Savukoski;Saijanvaarat;90;17;750:355-754:359;751;359;valmis;https://tulokset.lintuatlas.fi/grid/751:359
752:355;Savukoski;Satkovaara;90;17;750:355-754:359;752;355;valmis;https://tulokset.lintuatlas.fi/grid/752:355
752:356;Savukoski;Kivihaaranpää;90;17;750:355-754:359;752;356;valmis;https://tulokset.lintuatlas.fi/grid/752:356
752:357;Savukoski;Niekka;90;17;750:355-754:359;752;357;valmis;https://tulokset.lintuatlas.fi/grid/752:357
752:358;Savukoski;Marjavaara;90;17;750:355-754:359;752;358;valmis;https://tulokset.lintuatlas.fi/grid/752:358
752:359;Savukoski;Tulppio;90;17;750:355-754:359;752;359;valmis;https://tulokset.lintuatlas.fi/grid/752:359
753:355;Savukoski;Kappervaarat;90;17;750:355-754:359;753;355;ei;https://tulokset.lintuatlas.fi/grid/753:355
753:356;Savukoski;Uittipiekantunturi;90;17;750:355-754:359;753;356;valmis;https://tulokset.lintuatlas.fi/grid/753:356
753:357;Savukoski;Uura-aapa;90;17;750:355-754:359;753;357;ei;https://tulokset.lintuatlas.fi/grid/753:357
753:358;Savukoski;Hangasaapa;90;17;750:355-754:359;753;358;valmis;https://tulokset.lintuatlas.fi/grid/753:358
753:359;Savukoski;Könkäänniemi;90;17;750:355-754:359;753;359;valmis;https://tulokset.lintuatlas.fi/grid/753:359
754:355;Savukoski;Mukkajoenrovat;90;17;750:355-754:359;754;355;ei;https://tulokset.lintuatlas.fi/grid/754:355
754:356;Savukoski;Suopattivaara;90;17;750:355-754:359;754;356;valmis;https://tulokset.lintuatlas.fi/grid/754:356
754:357;Savukoski;Ätimysvaara;90;17;750:355-754:359;754;357;ei;https://tulokset.lintuatlas.fi/grid/754:357
754:358;Savukoski;Naltiotunturi;90;17;750:355-754:359;754;358;valmis;https://tulokset.lintuatlas.fi/grid/754:358
754:359;Savukoski;Voittivaara;90;17;750:355-754:359;754;359;ei;https://tulokset.lintuatlas.fi/grid/754:359
750:360;Salla;Ikkervaara;90;18;750:360-754:364;750;360;kyllä;https://tulokset.lintuatlas.fi/grid/750:360
750:361;Salla;Tuntsa;90;18;750:360-754:364;750;361;kyllä;https://tulokset.lintuatlas.fi/grid/750:361
750:362;Salla;Iso-Rakitsainen;90;18;750:360-754:364;750;362;kyllä;https://tulokset.lintuatlas.fi/grid/750:362
751:360;Savukoski;Härkätunturi;90;18;750:360-754:364;751;360;valmis;https://tulokset.lintuatlas.fi/grid/751:360
751:361;Salla;Sauoiva;90;18;750:360-754:364;751;361;valmis;https://tulokset.lintuatlas.fi/grid/751:361
751:362;Salla;Puitsitunturi;72;18;750:360-754:364;751;362;kyllä;https://tulokset.lintuatlas.fi/grid/751:362
752:360;Savukoski;Ainijärvi;90;18;750:360-754:364;752;360;valmis;https://tulokset.lintuatlas.fi/grid/752:360
752:361;Savukoski;Nuorttitunturi;72;18;750:360-754:364;752;361;valmis;https://tulokset.lintuatlas.fi/grid/752:361
753:360;Savukoski;Rouvoiva;90;18;750:360-754:364;753;360;ei;https://tulokset.lintuatlas.fi/grid/753:360
753:361;Savukoski;Rouvoivan itäpuoli;72;18;750:360-754:364;753;361;ei;https://tulokset.lintuatlas.fi/grid/753:361
754:360;Savukoski;Rannisvaara;72;18;750:360-754:364;754;360;valmis;https://tulokset.lintuatlas.fi/grid/754:360
755:334;Muonio;Noidanpalo;72;19;755:330-759:334;755;334;kyllä;https://tulokset.lintuatlas.fi/grid/755:334
756:333;Enontekiö;Kelosuvanto;72;19;755:330-759:334;756;333;ei;https://tulokset.lintuatlas.fi/grid/756:333
756:334;Muonio;Kätkäsuvanto;72;19;755:330-759:334;756;334;valmis;https://tulokset.lintuatlas.fi/grid/756:334
757:333;Enontekiö;Pingisniva;72;19;755:330-759:334;757;333;kyllä;https://tulokset.lintuatlas.fi/grid/757:333
757:334;Enontekiö;Äijäjoki;90;19;755:330-759:334;757;334;kyllä;https://tulokset.lintuatlas.fi/grid/757:334
758:333;Enontekiö;Palojoensuu;72;19;755:330-759:334;758;333;valmis;https://tulokset.lintuatlas.fi/grid/758:333
758:334;Enontekiö;Sotkajärvi;90;19;755:330-759:334;758;334;valmis;https://tulokset.lintuatlas.fi/grid/758:334
759:331;Enontekiö;Tolppaniva;72;19;755:330-759:334;759;331;ei;https://tulokset.lintuatlas.fi/grid/759:331
759:332;Enontekiö;Kuttanen;72;19;755:330-759:334;759;332;valmis;https://tulokset.lintuatlas.fi/grid/759:332
759:333;Enontekiö;Nunasvaara;90;19;755:330-759:334;759;333;kyllä;https://tulokset.lintuatlas.fi/grid/759:333
759:334;Enontekiö;Suonttajärvi;90;19;755:330-759:334;759;334;kyllä;https://tulokset.lintuatlas.fi/grid/759:334
755:335;Muonio;Yli-Muonio;90;20;755:335-759:339;755;335;valmis;https://tulokset.lintuatlas.fi/grid/755:335
755:336;Muonio;Lipimä;90;20;755:335-759:339;755;336;kyllä;https://tulokset.lintuatlas.fi/grid/755:336
755:337;Muonio;Taivaskero;90;20;755:335-759:339;755;337;valmis;https://tulokset.lintuatlas.fi/grid/755:337
755:338;Kittilä;Pallasjärvi;90;20;755:335-759:339;755;338;valmis;https://tulokset.lintuatlas.fi/grid/755:338
755:339;Kittilä;Kurkkiovaara;90;20;755:335-759:339;755;339;kyllä;https://tulokset.lintuatlas.fi/grid/755:339
756:335;Muonio;Miasvaara;90;20;755:335-759:339;756;335;ei;https://tulokset.lintuatlas.fi/grid/756:335
756:336;Muonio;Keräs-Sieppi;90;20;755:335-759:339;756;336;kyllä;https://tulokset.lintuatlas.fi/grid/756:336
756:337;Enontekiö;Vuontiskero;90;20;755:335-759:339;756;337;valmis;https://tulokset.lintuatlas.fi/grid/756:337
756:338;Kittilä;Raattama;90;20;755:335-759:339;756;338;valmis;https://tulokset.lintuatlas.fi/grid/756:338
756:339;Kittilä;Vitsaselkä;90;20;755:335-759:339;756;339;ei;https://tulokset.lintuatlas.fi/grid/756:339
757:335;Enontekiö;Vuosukkaselkä;90;20;755:335-759:339;757;335;ei;https://tulokset.lintuatlas.fi/grid/757:335
757:336;Enontekiö;Outtakka;90;20;755:335-759:339;757;336;ei;https://tulokset.lintuatlas.fi/grid/757:336
757:337;Enontekiö;Suastunturi;90;20;755:335-759:339;757;337;valmis;https://tulokset.lintuatlas.fi/grid/757:337
757:338;Enontekiö;Ketojärvi;90;20;755:335-759:339;757;338;kyllä;https://tulokset.lintuatlas.fi/grid/757:338
757:339;Kittilä;Kuopsuvuoma;90;20;755:335-759:339;757;339;ei;https://tulokset.lintuatlas.fi/grid/757:339
758:335;Enontekiö;Muotkajärvi;90;20;755:335-759:339;758;335;kyllä;https://tulokset.lintuatlas.fi/grid/758:335
758:336;Enontekiö;Pyhäkero;90;20;755:335-759:339;758;336;kyllä;https://tulokset.lintuatlas.fi/grid/758:336
758:337;Enontekiö;Ketomella;90;20;755:335-759:339;758;337;kyllä;https://tulokset.lintuatlas.fi/grid/758:337
758:338;Enontekiö;Tuulivuoma;90;20;755:335-759:339;758;338;valmis;https://tulokset.lintuatlas.fi/grid/758:338
758:339;Enontekiö;Nunisvaara;90;20;755:335-759:339;758;339;ei;https://tulokset.lintuatlas.fi/grid/758:339
759:335;Enontekiö;Muurusjärvi;90;20;755:335-759:339;759;335;valmis;https://tulokset.lintuatlas.fi/grid/759:335
759:336;Enontekiö;Hetta;90;20;755:335-759:339;759;336;valmis;https://tulokset.lintuatlas.fi/grid/759:336
759:337;Enontekiö;Vuontisjoki;90;20;755:335-759:339;759;337;valmis;https://tulokset.lintuatlas.fi/grid/759:337
759:338;Enontekiö;Peltovuoma;90;20;755:335-759:339;759;338;valmis;https://tulokset.lintuatlas.fi/grid/759:338
759:339;Enontekiö;Nunnanen;90;20;755:335-759:339;759;339;valmis;https://tulokset.lintuatlas.fi/grid/759:339
755:340;Kittilä;Lompolo;90;21;755:340-759:344;755;340;valmis;https://tulokset.lintuatlas.fi/grid/755:340
755:341;Kittilä;Kortevuoma;90;21;755:340-759:344;755;341;valmis;https://tulokset.lintuatlas.fi/grid/755:341
755:342;Kittilä;Suaskogelonvuoma;90;21;755:340-759:344;755;342;valmis;https://tulokset.lintuatlas.fi/grid/755:342
755:343;Kittilä;Outa-Perttunen;90;21;755:340-759:344;755;343;valmis;https://tulokset.lintuatlas.fi/grid/755:343
755:344;Kittilä;Pailakainen;90;21;755:340-759:344;755;344;valmis;https://tulokset.lintuatlas.fi/grid/755:344
756:340;Kittilä;Sahmistonvuoma;90;21;755:340-759:344;756;340;valmis;https://tulokset.lintuatlas.fi/grid/756:340
756:341;Kittilä;Siukatanvuoma;90;21;755:340-759:344;756;341;valmis;https://tulokset.lintuatlas.fi/grid/756:341
756:342;Kittilä;Silasjärvi;90;21;755:340-759:344;756;342;kyllä;https://tulokset.lintuatlas.fi/grid/756:342
756:343;Kittilä;Piernakanselkä;90;21;755:340-759:344;756;343;valmis;https://tulokset.lintuatlas.fi/grid/756:343
756:344;Kittilä;Pokka;90;21;755:340-759:344;756;344;valmis;https://tulokset.lintuatlas.fi/grid/756:344
757:340;Kittilä;Puljutunturi;90;21;755:340-759:344;757;340;valmis;https://tulokset.lintuatlas.fi/grid/757:340
757:341;Kittilä;Almunavuoma;90;21;755:340-759:344;757;341;valmis;https://tulokset.lintuatlas.fi/grid/757:341
757:342;Kittilä;Karuvaara;90;21;755:340-759:344;757;342;ei;https://tulokset.lintuatlas.fi/grid/757:342
757:343;Kittilä;Ahkiovaara;90;21;755:340-759:344;757;343;kyllä;https://tulokset.lintuatlas.fi/grid/757:343
757:344;Kittilä;Uurrekarkia;90;21;755:340-759:344;757;344;valmis;https://tulokset.lintuatlas.fi/grid/757:344
758:340;Kittilä;Narkivaara;90;21;755:340-759:344;758;340;valmis;https://tulokset.lintuatlas.fi/grid/758:340
758:341;Kittilä;Nikulitsinrova;90;21;755:340-759:344;758;341;ei;https://tulokset.lintuatlas.fi/grid/758:341
758:342;Kittilä;Kätkätunturi;90;21;755:340-759:344;758;342;ei;https://tulokset.lintuatlas.fi/grid/758:342
758:343;Kittilä;Lisma;90;21;755:340-759:344;758;343;kyllä;https://tulokset.lintuatlas.fi/grid/758:343
758:344;Inari;Heikinaapa;90;21;755:340-759:344;758;344;kyllä;https://tulokset.lintuatlas.fi/grid/758:344
759:340;Enontekiö;Rupivaara;90;21;755:340-759:344;759;340;valmis;https://tulokset.lintuatlas.fi/grid/759:340
759:341;Kittilä;Korsatunturi;90;21;755:340-759:344;759;341;ei;https://tulokset.lintuatlas.fi/grid/759:341
759:342;Inari;Joikkavaarat;90;21;755:340-759:344;759;342;ei;https://tulokset.lintuatlas.fi/grid/759:342
759:343;Inari;Annaperttusjänkkä;90;21;755:340-759:344;759;343;ei;https://tulokset.lintuatlas.fi/grid/759:343
759:344;Inari;Nirroselkä;90;21;755:340-759:344;759;344;kyllä;https://tulokset.lintuatlas.fi/grid/759:344
755:345;Sodankylä;Mujuripounuaapa;90;22;755:345-759:349;755;345;ei;https://tulokset.lintuatlas.fi/grid/755:345
755:346;Sodankylä;Kuontalonpalo;90;22;755:345-759:349;755;346;kyllä;https://tulokset.lintuatlas.fi/grid/755:346
755:347;Sodankylä;Kaadinvaara;90;22;755:345-759:349;755;347;kyllä;https://tulokset.lintuatlas.fi/grid/755:347
755:348;Sodankylä;Salmurinvaara;72;22;755:345-759:349;755;348;kyllä;https://tulokset.lintuatlas.fi/grid/755:348
755:349;Sodankylä;Särästölehto;90;22;755:345-759:349;755;349;kyllä;https://tulokset.lintuatlas.fi/grid/755:349
756:345;Kittilä;Naatsukka-Aapa;90;22;755:345-759:349;756;345;kyllä;https://tulokset.lintuatlas.fi/grid/756:345
756:346;Sodankylä;Suskonmaa;90;22;755:345-759:349;756;346;ei;https://tulokset.lintuatlas.fi/grid/756:346
756:347;Sodankylä;Tossarivaara;90;22;755:345-759:349;756;347;kyllä;https://tulokset.lintuatlas.fi/grid/756:347
756:348;Sodankylä;Vaulonaapa;90;22;755:345-759:349;756;348;valmis;https://tulokset.lintuatlas.fi/grid/756:348
756:349;Sodankylä;Mäkärärova;90;22;755:345-759:349;756;349;valmis;https://tulokset.lintuatlas.fi/grid/756:349
757:345;Kittilä;Näätäselkä;90;22;755:345-759:349;757;345;kyllä;https://tulokset.lintuatlas.fi/grid/757:345
757:346;Sodankylä;Sarviselkä;90;22;755:345-759:349;757;346;ei;https://tulokset.lintuatlas.fi/grid/757:346
757:347;Sodankylä;Tämäkkäaapa;90;22;755:345-759:349;757;347;kyllä;https://tulokset.lintuatlas.fi/grid/757:347
757:348;Sodankylä;Vaulonkankaat;90;22;755:345-759:349;757;348;ei;https://tulokset.lintuatlas.fi/grid/757:348
757:349;Sodankylä;Tunkaharju;90;22;755:345-759:349;757;349;kyllä;https://tulokset.lintuatlas.fi/grid/757:349
758:345;Inari;Ivalon Matti;90;22;755:345-759:349;758;345;kyllä;https://tulokset.lintuatlas.fi/grid/758:345
758:346;Inari;Sormusaapa;90;22;755:345-759:349;758;346;ei;https://tulokset.lintuatlas.fi/grid/758:346
758:347;Inari;Rulla-aapa;90;22;755:345-759:349;758;347;ei;https://tulokset.lintuatlas.fi/grid/758:347
758:348;Inari;Vaulo;90;22;755:345-759:349;758;348;kyllä;https://tulokset.lintuatlas.fi/grid/758:348
758:349;Inari;Vuijeminselkä;90;22;755:345-759:349;758;349;kyllä;https://tulokset.lintuatlas.fi/grid/758:349
759:345;Inari;Fattijänkä;90;22;755:345-759:349;759;345;kyllä;https://tulokset.lintuatlas.fi/grid/759:345
759:346;Inari;Litmuorvaara;90;22;755:345-759:349;759;346;valmis;https://tulokset.lintuatlas.fi/grid/759:346
759:347;Inari;Kuttura;90;22;755:345-759:349;759;347;kyllä;https://tulokset.lintuatlas.fi/grid/759:347
759:348;Inari;Kuusikko-Patatunturi;90;22;755:345-759:349;759;348;valmis;https://tulokset.lintuatlas.fi/grid/759:348
759:349;Inari;Ristiinamorosto;90;22;755:345-759:349;759;349;valmis;https://tulokset.lintuatlas.fi/grid/759:349
755:350;Sodankylä;Vuotso;90;23;755:350-759:354;755;350;valmis;https://tulokset.lintuatlas.fi/grid/755:350
755:351;Sodankylä;Sompiojärvi;90;23;755:350-759:354;755;351;valmis;https://tulokset.lintuatlas.fi/grid/755:351
755:352;Sodankylä;Vaaranaapa;90;23;755:350-759:354;755;352;kyllä;https://tulokset.lintuatlas.fi/grid/755:352
755:353;Sodankylä;Tinkiaapa;90;23;755:350-759:354;755;353;ei;https://tulokset.lintuatlas.fi/grid/755:353
755:354;Sodankylä;Kopsuslampi;90;23;755:350-759:354;755;354;ei;https://tulokset.lintuatlas.fi/grid/755:354
756:350;Sodankylä;Tankavaara;90;23;755:350-759:354;756;350;valmis;https://tulokset.lintuatlas.fi/grid/756:350
756:351;Sodankylä;Nattastunturit;90;23;755:350-759:354;756;351;valmis;https://tulokset.lintuatlas.fi/grid/756:351
756:352;Sodankylä;Suku-Nattanen;90;23;755:350-759:354;756;352;ei;https://tulokset.lintuatlas.fi/grid/756:352
756:353;Sodankylä;Lipatanaapa;90;23;755:350-759:354;756;353;ei;https://tulokset.lintuatlas.fi/grid/756:353
756:354;Sodankylä;Kaitmitpää;90;23;755:350-759:354;756;354;ei;https://tulokset.lintuatlas.fi/grid/756:354
757:350;Sodankylä;Purnunmukka;90;23;755:350-759:354;757;350;kyllä;https://tulokset.lintuatlas.fi/grid/757:350
757:351;Sodankylä;Peselmäaapa;90;23;755:350-759:354;757;351;kyllä;https://tulokset.lintuatlas.fi/grid/757:351
757:352;Sodankylä;Kopsusjärvi;90;23;755:350-759:354;757;352;kyllä;https://tulokset.lintuatlas.fi/grid/757:352
757:353;Sodankylä;Tuiskukuru;90;23;755:350-759:354;757;353;ei;https://tulokset.lintuatlas.fi/grid/757:353
757:354;Sodankylä;Sokosti;90;23;755:350-759:354;757;354;kyllä;https://tulokset.lintuatlas.fi/grid/757:354
758:350;Inari;Härkäselkä;90;23;755:350-759:354;758;350;kyllä;https://tulokset.lintuatlas.fi/grid/758:350
758:351;Sodankylä;Kakslautanen;90;23;755:350-759:354;758;351;valmis;https://tulokset.lintuatlas.fi/grid/758:351
758:352;Sodankylä;Kiilopää;90;23;755:350-759:354;758;352;kyllä;https://tulokset.lintuatlas.fi/grid/758:352
758:353;Sodankylä;Puilakkapää;90;23;755:350-759:354;758;353;kyllä;https://tulokset.lintuatlas.fi/grid/758:353
758:354;Sodankylä;Kaarnepää;90;23;755:350-759:354;758;354;kyllä;https://tulokset.lintuatlas.fi/grid/758:354
759:350;Inari;Harrijänkä;90;23;755:350-759:354;759;350;kyllä;https://tulokset.lintuatlas.fi/grid/759:350
759:351;Inari;Kaunispää;90;23;755:350-759:354;759;351;valmis;https://tulokset.lintuatlas.fi/grid/759:351
759:352;Inari;Kivipää;90;23;755:350-759:354;759;352;kyllä;https://tulokset.lintuatlas.fi/grid/759:352
759:353;Inari;Luppovaara;90;23;755:350-759:354;759;353;kyllä;https://tulokset.lintuatlas.fi/grid/759:353
759:354;Inari;Riukuselkä;90;23;755:350-759:354;759;354;kyllä;https://tulokset.lintuatlas.fi/grid/759:354
755:355;Sodankylä;Repoaapa;90;24;755:355-759:359;755;355;ei;https://tulokset.lintuatlas.fi/grid/755:355
755:356;Savukoski;Peskiseljät;90;24;755:355-759:359;755;356;kyllä;https://tulokset.lintuatlas.fi/grid/755:356
755:357;Savukoski;Härkämurusta;90;24;755:355-759:359;755;357;valmis;https://tulokset.lintuatlas.fi/grid/755:357
755:358;Savukoski;Mantoselkä;90;24;755:355-759:359;755;358;kyllä;https://tulokset.lintuatlas.fi/grid/755:358
755:359;Savukoski;Korvatunturi;90;24;755:355-759:359;755;359;kyllä;https://tulokset.lintuatlas.fi/grid/755:359
755:360;Savukoski;Rautalankamurustan rinne;72;24;755:355-759:359;755;360;ei;https://tulokset.lintuatlas.fi/grid/755:360
756:355;Sodankylä;Vuomapää;90;24;755:355-759:359;756;355;ei;https://tulokset.lintuatlas.fi/grid/756:355
756:356;Sodankylä;Vongoiva;90;24;755:355-759:359;756;356;kyllä;https://tulokset.lintuatlas.fi/grid/756:356
756:357;Savukoski;Pieni-Kokkopää;90;24;755:355-759:359;756;357;kyllä;https://tulokset.lintuatlas.fi/grid/756:357
756:358;Savukoski;Iso-Kokkopää;72;24;755:355-759:359;756;358;ei;https://tulokset.lintuatlas.fi/grid/756:358
757:355;Sodankylä;Kuikkapää;90;24;755:355-759:359;757;355;kyllä;https://tulokset.lintuatlas.fi/grid/757:355
757:356;Sodankylä;Purnupää;90;24;755:355-759:359;757;356;kyllä;https://tulokset.lintuatlas.fi/grid/757:356
758:355;Sodankylä;Ylempi Kiertämäjärvi;90;24;755:355-759:359;758;355;kyllä;https://tulokset.lintuatlas.fi/grid/758:355
758:356;Sodankylä;Vuongelitunturi;72;24;755:355-759:359;758;356;kyllä;https://tulokset.lintuatlas.fi/grid/758:356
759:355;Sodankylä;Alempi Kiertämäjärvi;90;24;755:355-759:359;759;355;kyllä;https://tulokset.lintuatlas.fi/grid/759:355
759:356;Sodankylä;Oksajängänvaara;72;24;755:355-759:359;759;356;kyllä;https://tulokset.lintuatlas.fi/grid/759:356
760:329;Enontekiö;Luspa;72;25;760:325-764:329;760;329;ei;https://tulokset.lintuatlas.fi/grid/760:329
761:329;Enontekiö;Kelottijärvi;72;25;760:325-764:329;761;329;valmis;https://tulokset.lintuatlas.fi/grid/761:329
762:328;Enontekiö;Pättikkä;90;25;760:325-764:329;762;328;valmis;https://tulokset.lintuatlas.fi/grid/762:328
762:329;Enontekiö;Sarvisoivi;90;25;760:325-764:329;762;329;ei;https://tulokset.lintuatlas.fi/grid/762:329
763:327;Enontekiö;Iitto;72;25;760:325-764:329;763;327;valmis;https://tulokset.lintuatlas.fi/grid/763:327
763:328;Enontekiö;Ropinsalmi;90;25;760:325-764:329;763;328;valmis;https://tulokset.lintuatlas.fi/grid/763:328
763:329;Enontekiö;Darju;90;25;760:325-764:329;763;329;kyllä;https://tulokset.lintuatlas.fi/grid/763:329
764:326;Enontekiö;Kivijärvi;72;25;760:325-764:329;764;326;valmis;https://tulokset.lintuatlas.fi/grid/764:326
764:327;Enontekiö;Lámmasoaivi;90;25;760:325-764:329;764;327;valmis;https://tulokset.lintuatlas.fi/grid/764:327
764:328;Enontekiö;Ropi;90;25;760:325-764:329;764;328;kyllä;https://tulokset.lintuatlas.fi/grid/764:328
764:329;Enontekiö;Pitsijärvi;90;25;760:325-764:329;764;329;kyllä;https://tulokset.lintuatlas.fi/grid/764:329
760:330;Enontekiö;Markkina;72;26;760:330-764:334;760;330;valmis;https://tulokset.lintuatlas.fi/grid/760:330
760:331;Enontekiö;Kaaresuvanto;90;26;760:330-764:334;760;331;valmis;https://tulokset.lintuatlas.fi/grid/760:331
760:332;Enontekiö;Jatuni;90;26;760:330-764:334;760;332;kyllä;https://tulokset.lintuatlas.fi/grid/760:332
760:333;Enontekiö;Kultima;90;26;760:330-764:334;760;333;valmis;https://tulokset.lintuatlas.fi/grid/760:333
760:334;Enontekiö;Leppäjärvi;90;26;760:330-764:334;760;334;valmis;https://tulokset.lintuatlas.fi/grid/760:334
761:330;Enontekiö;Koihkalanvaara;90;26;760:330-764:334;761;330;kyllä;https://tulokset.lintuatlas.fi/grid/761:330
761:331;Enontekiö;Hietavuoma;90;26;760:330-764:334;761;331;kyllä;https://tulokset.lintuatlas.fi/grid/761:331
761:332;Enontekiö;Tarvantovaara;90;26;760:330-764:334;761;332;kyllä;https://tulokset.lintuatlas.fi/grid/761:332
761:333;Enontekiö;Raiskavuoma;90;26;760:330-764:334;761;333;kyllä;https://tulokset.lintuatlas.fi/grid/761:333
761:334;Enontekiö;Tuolpavuoma;90;26;760:330-764:334;761;334;kyllä;https://tulokset.lintuatlas.fi/grid/761:334
762:330;Enontekiö;Ruossakero;90;26;760:330-764:334;762;330;ei;https://tulokset.lintuatlas.fi/grid/762:330
762:331;Enontekiö;Puusasvuoma;90;26;760:330-764:334;762;331;kyllä;https://tulokset.lintuatlas.fi/grid/762:331
762:332;Enontekiö;Hietakero;90;26;760:330-764:334;762;332;kyllä;https://tulokset.lintuatlas.fi/grid/762:332
762:333;Enontekiö;Salvasjärvi;90;26;760:330-764:334;762;333;valmis;https://tulokset.lintuatlas.fi/grid/762:333
762:334;Enontekiö;Rajaskaiti;72;26;760:330-764:334;762;334;ei;https://tulokset.lintuatlas.fi/grid/762:334
763:330;Enontekiö;Kalkkoaivi;90;26;760:330-764:334;763;330;kyllä;https://tulokset.lintuatlas.fi/grid/763:330
763:331;Enontekiö;Puusasvaara;90;26;760:330-764:334;763;331;ei;https://tulokset.lintuatlas.fi/grid/763:331
763:332;Enontekiö;Vauhtivaara;72;26;760:330-764:334;763;332;ei;https://tulokset.lintuatlas.fi/grid/763:332
764:330;Enontekiö;Nierivuoma;90;26;760:330-764:334;764;330;kyllä;https://tulokset.lintuatlas.fi/grid/764:330
764:331;Enontekiö;Nierivaara;72;26;760:330-764:334;764;331;ei;https://tulokset.lintuatlas.fi/grid/764:331
760:335;Enontekiö;Lijankijärvi;90;27;760:335-764:339;760;335;kyllä;https://tulokset.lintuatlas.fi/grid/760:335
760:336;Enontekiö;Laihtavaara;90;27;760:335-764:339;760;336;ei;https://tulokset.lintuatlas.fi/grid/760:336
760:337;Enontekiö;Vuostojärvi;90;27;760:335-764:339;760;337;kyllä;https://tulokset.lintuatlas.fi/grid/760:337
760:338;Enontekiö;Kuorttusvaara;90;27;760:335-764:339;760;338;kyllä;https://tulokset.lintuatlas.fi/grid/760:338
760:339;Enontekiö;Kuoskisenvuoma;90;27;760:335-764:339;760;339;ei;https://tulokset.lintuatlas.fi/grid/760:339
761:335;Enontekiö;Näkkälävaara;90;27;760:335-764:339;761;335;kyllä;https://tulokset.lintuatlas.fi/grid/761:335
761:336;Enontekiö;Näkkälä;90;27;760:335-764:339;761;336;valmis;https://tulokset.lintuatlas.fi/grid/761:336
761:337;Enontekiö;Vuomavaara;90;27;760:335-764:339;761;337;ei;https://tulokset.lintuatlas.fi/grid/761:337
761:338;Enontekiö;Suinavaara;90;27;760:335-764:339;761;338;kyllä;https://tulokset.lintuatlas.fi/grid/761:338
761:339;Enontekiö;Suukisvaara;90;27;760:335-764:339;761;339;ei;https://tulokset.lintuatlas.fi/grid/761:339
762:335;Enontekiö;Kivilompolo;90;27;760:335-764:339;762;335;kyllä;https://tulokset.lintuatlas.fi/grid/762:335
762:336;Enontekiö;Termisvaara;90;27;760:335-764:339;762;336;valmis;https://tulokset.lintuatlas.fi/grid/762:336
762:337;Enontekiö;Rossinjärvi;90;27;760:335-764:339;762;337;valmis;https://tulokset.lintuatlas.fi/grid/762:337
762:338;Enontekiö;Valkamapää;90;27;760:335-764:339;762;338;kyllä;https://tulokset.lintuatlas.fi/grid/762:338
762:339;Enontekiö;Retkajärvi;90;27;760:335-764:339;762;339;kyllä;https://tulokset.lintuatlas.fi/grid/762:339
763:336;Enontekiö;Bajašmuotki;72;27;760:335-764:339;763;336;kyllä;https://tulokset.lintuatlas.fi/grid/763:336
763:337;Enontekiö;Sáhpánoaivi;90;27;760:335-764:339;763;337;valmis;https://tulokset.lintuatlas.fi/grid/763:337
763:338;Enontekiö;Kalkuvaara;72;27;760:335-764:339;763;338;kyllä;https://tulokset.lintuatlas.fi/grid/763:338
764:336;Enontekiö;Roavvoaivi;72;27;760:335-764:339;764;336;ei;https://tulokset.lintuatlas.fi/grid/764:336
764:337;Enontekiö;Máčeroaivi;72;27;760:335-764:339;764;337;kyllä;https://tulokset.lintuatlas.fi/grid/764:337
760:340;Enontekiö;Kalmakaltio;90;28;760:340-764:344;760;340;kyllä;https://tulokset.lintuatlas.fi/grid/760:340
760:341;Enontekiö;Avisuoratunturi;90;28;760:340-764:344;760;341;kyllä;https://tulokset.lintuatlas.fi/grid/760:341
760:342;Inari;Repovaara;90;28;760:340-764:344;760;342;kyllä;https://tulokset.lintuatlas.fi/grid/760:342
760:343;Inari;Väärtijänkkä;90;28;760:340-764:344;760;343;ei;https://tulokset.lintuatlas.fi/grid/760:343
760:344;Inari;Lemmikäsjänkä;90;28;760:340-764:344;760;344;ei;https://tulokset.lintuatlas.fi/grid/760:344
761:340;Enontekiö;Nalttijärvi;90;28;760:340-764:344;761;340;kyllä;https://tulokset.lintuatlas.fi/grid/761:340
761:341;Inari;Isokivenvaara;72;28;760:340-764:344;761;341;kyllä;https://tulokset.lintuatlas.fi/grid/761:341
761:342;Inari;Reposelkä;90;28;760:340-764:344;761;342;kyllä;https://tulokset.lintuatlas.fi/grid/761:342
761:343;Inari;Hopiapalo;90;28;760:340-764:344;761;343;kyllä;https://tulokset.lintuatlas.fi/grid/761:343
761:344;Inari;Naukusjänkä;90;28;760:340-764:344;761;344;valmis;https://tulokset.lintuatlas.fi/grid/761:344
762:340;Enontekiö;Rautuoivi;72;28;760:340-764:344;762;340;kyllä;https://tulokset.lintuatlas.fi/grid/762:340
762:342;Inari;Laurivaarat;90;28;760:340-764:344;762;342;ei;https://tulokset.lintuatlas.fi/grid/762:342
762:343;Inari;Vaskojärvi;90;28;760:340-764:344;762;343;kyllä;https://tulokset.lintuatlas.fi/grid/762:343
762:344;Inari;Jäkäläpää;90;28;760:340-764:344;762;344;kyllä;https://tulokset.lintuatlas.fi/grid/762:344
763:342;Inari;Stuorrabogeoaivi;72;28;760:340-764:344;763;342;ei;https://tulokset.lintuatlas.fi/grid/763:342
763:343;Inari;Vuolimušalaš;90;28;760:340-764:344;763;343;kyllä;https://tulokset.lintuatlas.fi/grid/763:343
763:344;Inari;Látnoaivi;90;28;760:340-764:344;763;344;kyllä;https://tulokset.lintuatlas.fi/grid/763:344
764:342;Inari;Guovžuroaivi;72;28;760:340-764:344;764;342;ei;https://tulokset.lintuatlas.fi/grid/764:342
764:343;Inari;Lauravaara;72;28;760:340-764:344;764;343;kyllä;https://tulokset.lintuatlas.fi/grid/764:343
764:344;Inari;Angeli;90;28;760:340-764:344;764;344;kyllä;https://tulokset.lintuatlas.fi/grid/764:344
760:345;Inari;Jänispäät;90;29;760:345-764:349;760;345;ei;https://tulokset.lintuatlas.fi/grid/760:345
760:346;Inari;Iso Karvaselkä;90;29;760:345-764:349;760;346;kyllä;https://tulokset.lintuatlas.fi/grid/760:346
760:347;Inari;Kollumit;90;29;760:345-764:349;760;347;ei;https://tulokset.lintuatlas.fi/grid/760:347
760:348;Inari;Pietarlauttanen;90;29;760:345-764:349;760;348;valmis;https://tulokset.lintuatlas.fi/grid/760:348
760:349;Inari;Vaskistunturi;90;29;760:345-764:349;760;349;kyllä;https://tulokset.lintuatlas.fi/grid/760:349
761:345;Inari;Morgam-Viipus;90;29;760:345-764:349;761;345;valmis;https://tulokset.lintuatlas.fi/grid/761:345
761:346;Inari;Urroaivi;90;29;760:345-764:349;761;346;valmis;https://tulokset.lintuatlas.fi/grid/761:346
761:347;Inari;Kynsileikkaamapäät;90;29;760:345-764:349;761;347;ei;https://tulokset.lintuatlas.fi/grid/761:347
761:348;Inari;Appistunturi;90;29;760:345-764:349;761;348;ei;https://tulokset.lintuatlas.fi/grid/761:348
761:349;Inari;Hammastunturi;90;29;760:345-764:349;761;349;kyllä;https://tulokset.lintuatlas.fi/grid/761:349
762:345;Inari;Morgammaras;90;29;760:345-764:349;762;345;valmis;https://tulokset.lintuatlas.fi/grid/762:345
762:346;Inari;Joenkielinen;90;29;760:345-764:349;762;346;valmis;https://tulokset.lintuatlas.fi/grid/762:346
762:347;Inari;Iso Ahvenjäärvi;90;29;760:345-764:349;762;347;valmis;https://tulokset.lintuatlas.fi/grid/762:347
762:348;Inari;Irrajärvi;90;29;760:345-764:349;762;348;valmis;https://tulokset.lintuatlas.fi/grid/762:348
762:349;Inari;Hammasjärvi;90;29;760:345-764:349;762;349;ei;https://tulokset.lintuatlas.fi/grid/762:349
763:345;Inari;Maarestatunturi;90;29;760:345-764:349;763;345;ei;https://tulokset.lintuatlas.fi/grid/763:345
763:346;Inari;Njurkulahti;90;29;760:345-764:349;763;346;valmis;https://tulokset.lintuatlas.fi/grid/763:346
763:347;Inari;Äivihjärvi;90;29;760:345-764:349;763;347;kyllä;https://tulokset.lintuatlas.fi/grid/763:347
763:348;Inari;Isonpaanteenvaara;90;29;760:345-764:349;763;348;valmis;https://tulokset.lintuatlas.fi/grid/763:348
763:349;Inari;Kaksamajärvi;90;29;760:345-764:349;763;349;valmis;https://tulokset.lintuatlas.fi/grid/763:349
764:345;Inari;Pyhäjärvenkaita;90;29;760:345-764:349;764;345;kyllä;https://tulokset.lintuatlas.fi/grid/764:345
764:346;Inari;Korkia-Vasko;90;29;760:345-764:349;764;346;kyllä;https://tulokset.lintuatlas.fi/grid/764:346
764:347;Inari;Etusolmivaara;90;29;760:345-764:349;764;347;kyllä;https://tulokset.lintuatlas.fi/grid/764:347
764:348;Inari;Paatari;90;29;760:345-764:349;764;348;valmis;https://tulokset.lintuatlas.fi/grid/764:348
764:349;Inari;Otsamo;90;29;760:345-764:349;764;349;valmis;https://tulokset.lintuatlas.fi/grid/764:349
760:350;Inari;Tolospää;90;30;760:350-764:354;760;350;valmis;https://tulokset.lintuatlas.fi/grid/760:350
760:351;Inari;Auskottivaara;90;30;760:350-764:354;760;351;kyllä;https://tulokset.lintuatlas.fi/grid/760:351
760:352;Inari;Palkisoja;90;30;760:350-764:354;760;352;valmis;https://tulokset.lintuatlas.fi/grid/760:352
760:353;Inari;Vuolaselkä;90;30;760:350-764:354;760;353;ei;https://tulokset.lintuatlas.fi/grid/760:353
760:354;Inari;Kattajärvi;90;30;760:350-764:354;760;354;ei;https://tulokset.lintuatlas.fi/grid/760:354
761:350;Inari;Paalupää;90;30;760:350-764:354;761;350;kyllä;https://tulokset.lintuatlas.fi/grid/761:350
761:351;Inari;Ivalon lentoasema;90;30;760:350-764:354;761;351;valmis;https://tulokset.lintuatlas.fi/grid/761:351
761:352;Inari;Ivalo;90;30;760:350-764:354;761;352;valmis;https://tulokset.lintuatlas.fi/grid/761:352
761:353;Inari;Kurupää;90;30;760:350-764:354;761;353;valmis;https://tulokset.lintuatlas.fi/grid/761:353
761:354;Inari;Uusipää;90;30;760:350-764:354;761;354;kyllä;https://tulokset.lintuatlas.fi/grid/761:354
762:350;Inari;Kirakkajärvi;90;30;760:350-764:354;762;350;kyllä;https://tulokset.lintuatlas.fi/grid/762:350
762:351;Inari;Kenkipää;90;30;760:350-764:354;762;351;valmis;https://tulokset.lintuatlas.fi/grid/762:351
762:352;Inari;Akujärvi;90;30;760:350-764:354;762;352;valmis;https://tulokset.lintuatlas.fi/grid/762:352
762:353;Inari;Siskeli;90;30;760:350-764:354;762;353;valmis;https://tulokset.lintuatlas.fi/grid/762:353
762:354;Inari;Kuohana;90;30;760:350-764:354;762;354;ei;https://tulokset.lintuatlas.fi/grid/762:354
763:350;Inari;Jänkäjärvi;90;30;760:350-764:354;763;350;ei;https://tulokset.lintuatlas.fi/grid/763:350
763:351;Inari;Vaadinselkä;90;30;760:350-764:354;763;351;valmis;https://tulokset.lintuatlas.fi/grid/763:351
763:352;Inari;Veskoniemi;90;30;760:350-764:354;763;352;valmis;https://tulokset.lintuatlas.fi/grid/763:352
763:353;Inari;Nanguvuono;90;30;760:350-764:354;763;353;valmis;https://tulokset.lintuatlas.fi/grid/763:353
763:354;Inari;Sarmijärvi;90;30;760:350-764:354;763;354;kyllä;https://tulokset.lintuatlas.fi/grid/763:354
764:350;Inari;Inarin kk;90;30;760:350-764:354;764;350;valmis;https://tulokset.lintuatlas.fi/grid/764:350
764:351;Inari;Kankivuono;72;30;760:350-764:354;764;351;valmis;https://tulokset.lintuatlas.fi/grid/764:351
764:352;Inari;Jäkäläselkä;72;30;760:350-764:354;764;352;valmis;https://tulokset.lintuatlas.fi/grid/764:352
764:353;Inari;Sarminiemi;72;30;760:350-764:354;764;353;ei;https://tulokset.lintuatlas.fi/grid/764:353
764:354;Inari;Satapetäjäselkä;72;30;760:350-764:354;764;354;ei;https://tulokset.lintuatlas.fi/grid/764:354
760:355;Inari;Suorsapää;90;31;760:355-764:359;760;355;kyllä;https://tulokset.lintuatlas.fi/grid/760:355
760:356;Inari;Kaunisjärvi;72;31;760:355-764:359;760;356;ei;https://tulokset.lintuatlas.fi/grid/760:356
761:355;Inari;Maikkumapää;90;31;760:355-764:359;761;355;kyllä;https://tulokset.lintuatlas.fi/grid/761:355
761:356;Inari;Kippisjärvi;72;31;760:355-764:359;761;356;kyllä;https://tulokset.lintuatlas.fi/grid/761:356
762:355;Inari;Sarmitunturi;90;31;760:355-764:359;762;355;kyllä;https://tulokset.lintuatlas.fi/grid/762:355
762:356;Inari;Kontosjärvi;90;31;760:355-764:359;762;356;kyllä;https://tulokset.lintuatlas.fi/grid/762:356
763:355;Inari;Juoksemavaara;90;31;760:355-764:359;763;355;kyllä;https://tulokset.lintuatlas.fi/grid/763:355
763:356;Inari;Sulkusjärvi;90;31;760:355-764:359;763;356;kyllä;https://tulokset.lintuatlas.fi/grid/763:356
763:357;Inari;Syysvasajärvi;72;31;760:355-764:359;763;357;ei;https://tulokset.lintuatlas.fi/grid/763:357
764:355;Inari;Nellim;90;31;760:355-764:359;764;355;valmis;https://tulokset.lintuatlas.fi/grid/764:355
764:356;Inari;Siikavaarat;72;31;760:355-764:359;764;356;ei;https://tulokset.lintuatlas.fi/grid/764:356
764:357;Inari;Palokotajärvet;72;31;760:355-764:359;764;357;kyllä;https://tulokset.lintuatlas.fi/grid/764:357
767:324;Enontekiö;Iso-Malla;72;32;765:320-769:324;767;324;valmis;https://tulokset.lintuatlas.fi/grid/767:324
768:324;Enontekiö;Goallarrássa;72;32;765:320-769:324;768;324;kyllä;https://tulokset.lintuatlas.fi/grid/768:324
765:325;Enontekiö;Jorpavaara;72;33;765:325-769:329;765;325;kyllä;https://tulokset.lintuatlas.fi/grid/765:325
765:326;Enontekiö;Peerajärvi;90;33;765:325-769:329;765;326;valmis;https://tulokset.lintuatlas.fi/grid/765:326
765:327;Enontekiö;Suppijärvi;90;33;765:325-769:329;765;327;valmis;https://tulokset.lintuatlas.fi/grid/765:327
765:328;Enontekiö;Njammatjárvi;90;33;765:325-769:329;765;328;valmis;https://tulokset.lintuatlas.fi/grid/765:328
765:329;Enontekiö;Čáibma;90;33;765:325-769:329;765;329;kyllä;https://tulokset.lintuatlas.fi/grid/765:329
766:325;Enontekiö;Ala-Kilpisjärvi;72;33;765:325-769:329;766;325;valmis;https://tulokset.lintuatlas.fi/grid/766:325
766:326;Enontekiö;Ailakkajärvi;90;33;765:325-769:329;766;326;valmis;https://tulokset.lintuatlas.fi/grid/766:326
766:327;Enontekiö;Unkkavaara;90;33;765:325-769:329;766;327;kyllä;https://tulokset.lintuatlas.fi/grid/766:327
766:328;Enontekiö;Buoiddesoaivi;90;33;765:325-769:329;766;328;kyllä;https://tulokset.lintuatlas.fi/grid/766:328
766:329;Enontekiö;Čukčoaivi;90;33;765:325-769:329;766;329;kyllä;https://tulokset.lintuatlas.fi/grid/766:329
767:325;Enontekiö;Kilpisjärvi;90;33;765:325-769:329;767;325;valmis;https://tulokset.lintuatlas.fi/grid/767:325
767:326;Enontekiö;Salmivaarat;90;33;765:325-769:329;767;326;kyllä;https://tulokset.lintuatlas.fi/grid/767:326
767:327;Enontekiö;Jollánoaivi;90;33;765:325-769:329;767;327;kyllä;https://tulokset.lintuatlas.fi/grid/767:327
767:328;Enontekiö;Hárroaivi;90;33;765:325-769:329;767;328;ei;https://tulokset.lintuatlas.fi/grid/767:328
767:329;Enontekiö;Karravaara;90;33;765:325-769:329;767;329;ei;https://tulokset.lintuatlas.fi/grid/767:329
768:325;Enontekiö;Pikku-Jehkas;72;33;765:325-769:329;768;325;kyllä;https://tulokset.lintuatlas.fi/grid/768:325
768:326;Enontekiö;Goddejássavri;90;33;765:325-769:329;768;326;ei;https://tulokset.lintuatlas.fi/grid/768:326
768:327;Enontekiö;Meekonvaara;90;33;765:325-769:329;768;327;kyllä;https://tulokset.lintuatlas.fi/grid/768:327
768:328;Enontekiö;Porojärvi;90;33;765:325-769:329;768;328;ei;https://tulokset.lintuatlas.fi/grid/768:328
768:329;Enontekiö;Taapmajärvi;72;33;765:325-769:329;768;329;ei;https://tulokset.lintuatlas.fi/grid/768:329
769:326;Enontekiö;Lossujärvi;72;33;765:325-769:329;769;326;kyllä;https://tulokset.lintuatlas.fi/grid/769:326
769:327;Enontekiö;Pitsusjärvi;90;33;765:325-769:329;769;327;kyllä;https://tulokset.lintuatlas.fi/grid/769:327
769:328;Enontekiö;Somasjärvi;90;33;765:325-769:329;769;328;kyllä;https://tulokset.lintuatlas.fi/grid/769:328
769:329;Enontekiö;Várddoaivi;72;33;765:325-769:329;769;329;ei;https://tulokset.lintuatlas.fi/grid/769:329
765:330;Enontekiö;Hirvasvuopio;90;34;765:330-769:334;765;330;kyllä;https://tulokset.lintuatlas.fi/grid/765:330
765:331;Enontekiö;Ahvenjärvet;72;34;765:330-769:334;765;331;ei;https://tulokset.lintuatlas.fi/grid/765:331
766:330;Enontekiö;Munnikurkkio;72;34;765:330-769:334;766;330;kyllä;https://tulokset.lintuatlas.fi/grid/766:330
767:330;Enontekiö;Vallivaara;72;34;765:330-769:334;767;330;kyllä;https://tulokset.lintuatlas.fi/grid/767:330
765:344;Inari;Suuri Iivanajärvi;72;35;765:340-769:344;765;344;kyllä;https://tulokset.lintuatlas.fi/grid/765:344
766:344;Inari;Pahtuskoski;72;35;765:340-769:344;766;344;kyllä;https://tulokset.lintuatlas.fi/grid/766:344
767:344;Utsjoki;Kuolna;72;35;765:340-769:344;767;344;ei;https://tulokset.lintuatlas.fi/grid/767:344
768:344;Utsjoki;Kamiljoki;72;35;765:340-769:344;768;344;kyllä;https://tulokset.lintuatlas.fi/grid/768:344
765:345;Inari;Riutusvaarat;90;36;765:345-769:349;765;345;kyllä;https://tulokset.lintuatlas.fi/grid/765:345
765:346;Inari;Šáddevárrit;90;36;765:345-769:349;765;346;ei;https://tulokset.lintuatlas.fi/grid/765:346
765:347;Inari;Palopäät;90;36;765:345-769:349;765;347;kyllä;https://tulokset.lintuatlas.fi/grid/765:347
765:348;Inari;Innihvaara;90;36;765:345-769:349;765;348;valmis;https://tulokset.lintuatlas.fi/grid/765:348
765:349;Inari;Syrminiemi;90;36;765:345-769:349;765;349;valmis;https://tulokset.lintuatlas.fi/grid/765:349
766:345;Inari;Junnásvárri;90;36;765:345-769:349;766;345;kyllä;https://tulokset.lintuatlas.fi/grid/766:345
766:346;Inari;Gáisávarri;90;36;765:345-769:349;766;346;ei;https://tulokset.lintuatlas.fi/grid/766:346
766:347;Inari;Kuárvikozzâ;90;36;765:345-769:349;766;347;kyllä;https://tulokset.lintuatlas.fi/grid/766:347
766:348;Inari;Littmuoruáivi;90;36;765:345-769:349;766;348;valmis;https://tulokset.lintuatlas.fi/grid/766:348
766:349;Inari;Tuorpumapää;90;36;765:345-769:349;766;349;ei;https://tulokset.lintuatlas.fi/grid/766:349
767:345;Inari;Guottoveaiskáidi;90;36;765:345-769:349;767;345;ei;https://tulokset.lintuatlas.fi/grid/767:345
767:346;Inari;Buresoaivi;90;36;765:345-769:349;767;346;kyllä;https://tulokset.lintuatlas.fi/grid/767:346
767:347;Inari;Urretoaivi;90;36;765:345-769:349;767;347;kyllä;https://tulokset.lintuatlas.fi/grid/767:347
767:348;Inari;Peltojärvi;90;36;765:345-769:349;767;348;valmis;https://tulokset.lintuatlas.fi/grid/767:348
767:349;Inari;Lankopää;90;36;765:345-769:349;767;349;kyllä;https://tulokset.lintuatlas.fi/grid/767:349
768:345;Utsjoki;Rihtaopma;90;36;765:345-769:349;768;345;kyllä;https://tulokset.lintuatlas.fi/grid/768:345
768:346;Utsjoki;Geatkebassi;90;36;765:345-769:349;768;346;kyllä;https://tulokset.lintuatlas.fi/grid/768:346
768:347;Inari;Muotkatunturit;90;36;765:345-769:349;768;347;ei;https://tulokset.lintuatlas.fi/grid/768:347
768:348;Inari;Hanhipää;90;36;765:345-769:349;768;348;valmis;https://tulokset.lintuatlas.fi/grid/768:348
768:349;Inari;Aksujärvi;90;36;765:345-769:349;768;349;valmis;https://tulokset.lintuatlas.fi/grid/768:349
769:345;Utsjoki;Koikkiniva;90;36;765:345-769:349;769;345;kyllä;https://tulokset.lintuatlas.fi/grid/769:345
769:346;Utsjoki;Oačátčohkka;90;36;765:345-769:349;769;346;kyllä;https://tulokset.lintuatlas.fi/grid/769:346
769:347;Utsjoki;Gákcavárri;90;36;765:345-769:349;769;347;kyllä;https://tulokset.lintuatlas.fi/grid/769:347
769:348;Utsjoki;Kaamasmukka;90;36;765:345-769:349;769;348;valmis;https://tulokset.lintuatlas.fi/grid/769:348
769:349;Inari;Pikku Kuntsavaara;90;36;765:345-769:349;769;349;ei;https://tulokset.lintuatlas.fi/grid/769:349
765:350;Inari;Pielpajärvi;90;37;765:350-769:354;765;350;valmis;https://tulokset.lintuatlas.fi/grid/765:350
765:351;Inari;Ukonselkä;72;37;765:350-769:354;765;351;kyllä;https://tulokset.lintuatlas.fi/grid/765:351
765:352;Inari;Viimassaari;72;37;765:350-769:354;765;352;kyllä;https://tulokset.lintuatlas.fi/grid/765:352
765:353;Inari;Varttasaari;72;37;765:350-769:354;765;353;kyllä;https://tulokset.lintuatlas.fi/grid/765:353
765:354;Inari;Kuortesjärvi;90;37;765:350-769:354;765;354;ei;https://tulokset.lintuatlas.fi/grid/765:354
766:350;Inari;Kaamanen;90;37;765:350-769:354;766;350;valmis;https://tulokset.lintuatlas.fi/grid/766:350
766:351;Inari;Valkkojärvi;90;37;765:350-769:354;766;351;valmis;https://tulokset.lintuatlas.fi/grid/766:351
766:352;Inari;Muurahaisniemi;72;37;765:350-769:354;766;352;valmis;https://tulokset.lintuatlas.fi/grid/766:352
766:353;Inari;Kasariselkä;72;37;765:350-769:354;766;353;ei;https://tulokset.lintuatlas.fi/grid/766:353
766:354;Inari;Iso-Roiro;72;37;765:350-769:354;766;354;valmis;https://tulokset.lintuatlas.fi/grid/766:354
767:350;Inari;Tuuruharju;90;37;765:350-769:354;767;350;valmis;https://tulokset.lintuatlas.fi/grid/767:350
767:351;Inari;Isojänkä;90;37;765:350-769:354;767;351;kyllä;https://tulokset.lintuatlas.fi/grid/767:351
767:352;Inari;Jäävaarat;90;37;765:350-769:354;767;352;ei;https://tulokset.lintuatlas.fi/grid/767:352
767:353;Inari;Partakko;72;37;765:350-769:354;767;353;valmis;https://tulokset.lintuatlas.fi/grid/767:353
767:354;Inari;Kettuniemi;72;37;765:350-769:354;767;354;ei;https://tulokset.lintuatlas.fi/grid/767:354
768:350;Inari;Pierkivaaranjänkä;90;37;765:350-769:354;768;350;valmis;https://tulokset.lintuatlas.fi/grid/768:350
768:351;Inari;Alttojärvi;90;37;765:350-769:354;768;351;valmis;https://tulokset.lintuatlas.fi/grid/768:351
768:352;Inari;Heinäjänkä;90;37;765:350-769:354;768;352;ei;https://tulokset.lintuatlas.fi/grid/768:352
768:353;Inari;Saurasvaara;90;37;765:350-769:354;768;353;valmis;https://tulokset.lintuatlas.fi/grid/768:353
768:354;Inari;Nitsijärvi;90;37;765:350-769:354;768;354;kyllä;https://tulokset.lintuatlas.fi/grid/768:354
769:350;Inari;Moosesvaara;90;37;765:350-769:354;769;350;valmis;https://tulokset.lintuatlas.fi/grid/769:350
769:351;Inari;Kiesvaara;90;37;765:350-769:354;769;351;valmis;https://tulokset.lintuatlas.fi/grid/769:351
769:352;Inari;Annanjänkä;90;37;765:350-769:354;769;352;ei;https://tulokset.lintuatlas.fi/grid/769:352
769:353;Inari;Kiviselkä;90;37;765:350-769:354;769;353;kyllä;https://tulokset.lintuatlas.fi/grid/769:353
769:354;Inari;Suojanperä;90;37;765:350-769:354;769;354;kyllä;https://tulokset.lintuatlas.fi/grid/769:354
765:355;Inari;Laklemijärvi;90;38;765:355-769:359;765;355;kyllä;https://tulokset.lintuatlas.fi/grid/765:355
765:356;Inari;Kessijärvi;72;38;765:355-769:359;765;356;kyllä;https://tulokset.lintuatlas.fi/grid/765:356
765:357;Inari;Kessijärven itäpuoli;72;38;765:355-769:359;765;357;ei;https://tulokset.lintuatlas.fi/grid/765:357
766:355;Inari;Kessivuono;90;38;765:355-769:359;766;355;kyllä;https://tulokset.lintuatlas.fi/grid/766:355
766:356;Inari;Mourasvaara;90;38;765:355-769:359;766;356;kyllä;https://tulokset.lintuatlas.fi/grid/766:356
766:357;Inari;Käyräjärvi;72;38;765:355-769:359;766;357;kyllä;https://tulokset.lintuatlas.fi/grid/766:357
767:355;Inari;Hiiriniemi;72;38;765:355-769:359;767;355;kyllä;https://tulokset.lintuatlas.fi/grid/767:355
767:356;Inari;Nammijärvi;90;38;765:355-769:359;767;356;kyllä;https://tulokset.lintuatlas.fi/grid/767:356
767:357;Inari;Nammiselkä;72;38;765:355-769:359;767;357;ei;https://tulokset.lintuatlas.fi/grid/767:357
768:355;Inari;Kyynelvuono;72;38;765:355-769:359;768;355;kyllä;https://tulokset.lintuatlas.fi/grid/768:355
768:356;Inari;Surnuvuono;90;38;765:355-769:359;768;356;kyllä;https://tulokset.lintuatlas.fi/grid/768:356
768:357;Inari;Itä-Kapperijärvi;72;38;765:355-769:359;768;357;kyllä;https://tulokset.lintuatlas.fi/grid/768:357
769:355;Inari;Supru;90;38;765:355-769:359;769;355;kyllä;https://tulokset.lintuatlas.fi/grid/769:355
769:356;Inari;Kyyneljärvi;90;38;765:355-769:359;769;356;kyllä;https://tulokset.lintuatlas.fi/grid/769:356
769:357;Inari;Mellalompolo;90;38;765:355-769:359;769;357;ei;https://tulokset.lintuatlas.fi/grid/769:357
769:358;Inari;Sumupäät;72;38;765:355-769:359;769;358;ei;https://tulokset.lintuatlas.fi/grid/769:358
770:327;Enontekiö;Halti;72;39;770:325-774:329;770;327;kyllä;https://tulokset.lintuatlas.fi/grid/770:327
770:328;Enontekiö;Ritničohkan rinne;72;39;770:325-774:329;770;328;kyllä;https://tulokset.lintuatlas.fi/grid/770:328
770:345;Utsjoki;Karigasniemi;90;40;770:345-774:349;770;345;valmis;https://tulokset.lintuatlas.fi/grid/770:345
770:346;Utsjoki;Biesjávrrit;90;40;770:345-774:349;770;346;valmis;https://tulokset.lintuatlas.fi/grid/770:346
770:347;Utsjoki;Ruohtir;90;40;770:345-774:349;770;347;kyllä;https://tulokset.lintuatlas.fi/grid/770:347
770:348;Utsjoki;Rávdobuolžžat;90;40;770:345-774:349;770;348;ei;https://tulokset.lintuatlas.fi/grid/770:348
770:349;Utsjoki;Sávzajávri;90;40;770:345-774:349;770;349;kyllä;https://tulokset.lintuatlas.fi/grid/770:349
771:345;Utsjoki;Piesjoki;72;40;770:345-774:349;771;345;valmis;https://tulokset.lintuatlas.fi/grid/771:345
771:346;Utsjoki;Stuorra Biesvárri;90;40;770:345-774:349;771;346;kyllä;https://tulokset.lintuatlas.fi/grid/771:346
771:347;Utsjoki;Njávgoaivi;90;40;770:345-774:349;771;347;ei;https://tulokset.lintuatlas.fi/grid/771:347
771:348;Utsjoki;Fiellunputous;90;40;770:345-774:349;771;348;kyllä;https://tulokset.lintuatlas.fi/grid/771:348
771:349;Utsjoki;Fállát;90;40;770:345-774:349;771;349;kyllä;https://tulokset.lintuatlas.fi/grid/771:349
772:345;Utsjoki;Pihtiranta;72;40;770:345-774:349;772;345;ei;https://tulokset.lintuatlas.fi/grid/772:345
772:346;Utsjoki;Outakoski;90;40;770:345-774:349;772;346;kyllä;https://tulokset.lintuatlas.fi/grid/772:346
772:347;Utsjoki;Gamoaivi;90;40;770:345-774:349;772;347;ei;https://tulokset.lintuatlas.fi/grid/772:347
772:348;Utsjoki;Gottetvárri;90;40;770:345-774:349;772;348;ei;https://tulokset.lintuatlas.fi/grid/772:348
772:349;Utsjoki;Vuokojärvi;90;40;770:345-774:349;772;349;valmis;https://tulokset.lintuatlas.fi/grid/772:349
773:345;Utsjoki;Nuorpiniemi;72;40;770:345-774:349;773;345;kyllä;https://tulokset.lintuatlas.fi/grid/773:345
773:346;Utsjoki;Aittijoki;90;40;770:345-774:349;773;346;kyllä;https://tulokset.lintuatlas.fi/grid/773:346
773:347;Utsjoki;Paistunturit;90;40;770:345-774:349;773;347;kyllä;https://tulokset.lintuatlas.fi/grid/773:347
773:348;Utsjoki;Juovvaskáidi;90;40;770:345-774:349;773;348;kyllä;https://tulokset.lintuatlas.fi/grid/773:348
773:349;Utsjoki;Pikku Kevojärvi;90;40;770:345-774:349;773;349;ei;https://tulokset.lintuatlas.fi/grid/773:349
774:346;Utsjoki;Dálvadas;72;40;770:345-774:349;774;346;kyllä;https://tulokset.lintuatlas.fi/grid/774:346
774:347;Utsjoki;Nuvvus;90;40;770:345-774:349;774;347;valmis;https://tulokset.lintuatlas.fi/grid/774:347
774:348;Utsjoki;Erttetvárri;90;40;770:345-774:349;774;348;kyllä;https://tulokset.lintuatlas.fi/grid/774:348
774:349;Utsjoki;Kevojoensuu;90;40;770:345-774:349;774;349;kyllä;https://tulokset.lintuatlas.fi/grid/774:349
770:350;Inari;Perumämmärinjänkä;90;41;770:350-774:354;770;350;valmis;https://tulokset.lintuatlas.fi/grid/770:350
770:351;Inari;Jullamojärvi;90;41;770:350-774:354;770;351;valmis;https://tulokset.lintuatlas.fi/grid/770:351
770:352;Inari;Vaijoenjänkä;90;41;770:350-774:354;770;352;valmis;https://tulokset.lintuatlas.fi/grid/770:352
770:353;Inari;Pautujärvi;90;41;770:350-774:354;770;353;ei;https://tulokset.lintuatlas.fi/grid/770:353
770:354;Inari;Iso-Pelsa;90;41;770:350-774:354;770;354;ei;https://tulokset.lintuatlas.fi/grid/770:354
771:350;Utsjoki;Mierasjärvi;90;41;770:350-774:354;771;350;valmis;https://tulokset.lintuatlas.fi/grid/771:350
771:351;Utsjoki;Jottijärvi;90;41;770:350-774:354;771;351;kyllä;https://tulokset.lintuatlas.fi/grid/771:351
771:352;Inari;Mierggasroavvi;90;41;770:350-774:354;771;352;ei;https://tulokset.lintuatlas.fi/grid/771:352
771:353;Inari;Paavalinjärvi;90;41;770:350-774:354;771;353;kyllä;https://tulokset.lintuatlas.fi/grid/771:353
771:354;Inari;Vuontislompolo;90;41;770:350-774:354;771;354;ei;https://tulokset.lintuatlas.fi/grid/771:354
772:350;Utsjoki;Mieraslompolo;90;41;770:350-774:354;772;350;valmis;https://tulokset.lintuatlas.fi/grid/772:350
772:351;Utsjoki;Hávgaskáidi;90;41;770:350-774:354;772;351;valmis;https://tulokset.lintuatlas.fi/grid/772:351
772:352;Utsjoki;Karpulivaara;90;41;770:350-774:354;772;352;valmis;https://tulokset.lintuatlas.fi/grid/772:352
772:353;Utsjoki;Salmijärvi;90;41;770:350-774:354;772;353;valmis;https://tulokset.lintuatlas.fi/grid/772:353
772:354;Inari;Ordavaara;90;41;770:350-774:354;772;354;ei;https://tulokset.lintuatlas.fi/grid/772:354
773:350;Utsjoki;Kenestupa;90;41;770:350-774:354;773;350;valmis;https://tulokset.lintuatlas.fi/grid/773:350
773:351;Utsjoki;Vetsijärvi;90;41;770:350-774:354;773;351;valmis;https://tulokset.lintuatlas.fi/grid/773:351
773:352;Utsjoki;Guorboaivi;90;41;770:350-774:354;773;352;valmis;https://tulokset.lintuatlas.fi/grid/773:352
773:353;Utsjoki;Ylä-Pulmankijärvi;90;41;770:350-774:354;773;353;valmis;https://tulokset.lintuatlas.fi/grid/773:353
773:354;Inari;Stuorát Dievjjájávri;90;41;770:350-774:354;773;354;valmis;https://tulokset.lintuatlas.fi/grid/773:354
774:350;Utsjoki;Patoniva;90;41;770:350-774:354;774;350;valmis;https://tulokset.lintuatlas.fi/grid/774:350
774:351;Utsjoki;Váiščohkka;90;41;770:350-774:354;774;351;valmis;https://tulokset.lintuatlas.fi/grid/774:351
774:352;Utsjoki;Áldovárri;90;41;770:350-774:354;774;352;valmis;https://tulokset.lintuatlas.fi/grid/774:352
774:353;Utsjoki;Gálddoaivi;90;41;770:350-774:354;774;353;valmis;https://tulokset.lintuatlas.fi/grid/774:353
774:354;Utsjoki;Muorahisvárri;90;41;770:350-774:354;774;354;ei;https://tulokset.lintuatlas.fi/grid/774:354
770:355;Inari;Mihkalijärvi;90;42;770:355-774:359;770;355;valmis;https://tulokset.lintuatlas.fi/grid/770:355
770:356;Inari;Suolisjärvi;90;42;770:355-774:359;770;356;kyllä;https://tulokset.lintuatlas.fi/grid/770:356
770:357;Inari;Aittajärvet;90;42;770:355-774:359;770;357;kyllä;https://tulokset.lintuatlas.fi/grid/770:357
770:358;Inari;Äälisjärvi;90;42;770:355-774:359;770;358;kyllä;https://tulokset.lintuatlas.fi/grid/770:358
770:359;Inari;Äälisjärven itäpuoli;72;42;770:355-774:359;770;359;ei;https://tulokset.lintuatlas.fi/grid/770:359
771:355;Inari;Petsijärvi;90;42;770:355-774:359;771;355;kyllä;https://tulokset.lintuatlas.fi/grid/771:355
771:356;Inari;Sevettijärvi;90;42;770:355-774:359;771;356;valmis;https://tulokset.lintuatlas.fi/grid/771:356
771:357;Inari;Vainosjärvi;90;42;770:355-774:359;771;357;valmis;https://tulokset.lintuatlas.fi/grid/771:357
771:358;Inari;Vätsäri;90;42;770:355-774:359;771;358;kyllä;https://tulokset.lintuatlas.fi/grid/771:358
771:359;Inari;Rajapää;72;42;770:355-774:359;771;359;ei;https://tulokset.lintuatlas.fi/grid/771:359
772:355;Inari;Opukasjärvi;90;42;770:355-774:359;772;355;kyllä;https://tulokset.lintuatlas.fi/grid/772:355
772:356;Inari;Kontinpaistama;90;42;770:355-774:359;772;356;kyllä;https://tulokset.lintuatlas.fi/grid/772:356
772:357;Inari;Sevettivuono;90;42;770:355-774:359;772;357;valmis;https://tulokset.lintuatlas.fi/grid/772:357
772:358;Inari;Jankkila;90;42;770:355-774:359;772;358;kyllä;https://tulokset.lintuatlas.fi/grid/772:358
773:355;Inari;Rovivaara;90;42;770:355-774:359;773;355;ei;https://tulokset.lintuatlas.fi/grid/773:355
773:356;Inari;Villavaara;90;42;770:355-774:359;773;356;ei;https://tulokset.lintuatlas.fi/grid/773:356
773:357;Inari;Palovaara;90;42;770:355-774:359;773;357;valmis;https://tulokset.lintuatlas.fi/grid/773:357
773:358;Inari;Näätämö;72;42;770:355-774:359;773;358;valmis;https://tulokset.lintuatlas.fi/grid/773:358
774:355;Inari;Laavuvaara;90;42;770:355-774:359;774;355;valmis;https://tulokset.lintuatlas.fi/grid/774:355
774:356;Inari;Aittoaivi;72;42;770:355-774:359;774;356;kyllä;https://tulokset.lintuatlas.fi/grid/774:356
774:357;Inari;Kivisaarijärvi;72;42;770:355-774:359;774;357;ei;https://tulokset.lintuatlas.fi/grid/774:357
775:347;Utsjoki;Čierronvárri;72;43;775:345-779:349;775;347;valmis;https://tulokset.lintuatlas.fi/grid/775:347
775:348;Utsjoki;Birkeoaivi;90;43;775:345-779:349;775;348;kyllä;https://tulokset.lintuatlas.fi/grid/775:348
775:349;Utsjoki;Roavveoaivi;90;43;775:345-779:349;775;349;valmis;https://tulokset.lintuatlas.fi/grid/775:349
776:347;Utsjoki;Báktevársavu;72;43;775:345-779:349;776;347;ei;https://tulokset.lintuatlas.fi/grid/776:347
776:348;Utsjoki;Gistuskáidi;72;43;775:345-779:349;776;348;valmis;https://tulokset.lintuatlas.fi/grid/776:348
776:349;Utsjoki;Goahppeloaivi;72;43;775:345-779:349;776;349;valmis;https://tulokset.lintuatlas.fi/grid/776:349
775:350;Utsjoki;Utsjoen kk;90;44;775:350-779:354;775;350;valmis;https://tulokset.lintuatlas.fi/grid/775:350
775:351;Utsjoki;Luovosvárri;90;44;775:350-779:354;775;351;ei;https://tulokset.lintuatlas.fi/grid/775:351
775:352;Utsjoki;Njuohgárggu;90;44;775:350-779:354;775;352;valmis;https://tulokset.lintuatlas.fi/grid/775:352
775:353;Utsjoki;Skáidesčohkka;90;44;775:350-779:354;775;353;valmis;https://tulokset.lintuatlas.fi/grid/775:353
775:354;Utsjoki;Čuomásvarri;90;44;775:350-779:354;775;354;ei;https://tulokset.lintuatlas.fi/grid/775:354
775:355;Utsjoki;Golmmesoaivi;72;44;775:350-779:354;775;355;ei;https://tulokset.lintuatlas.fi/grid/775:355
776:350;Utsjoki;Gárnjárga;72;44;775:350-779:354;776;350;valmis;https://tulokset.lintuatlas.fi/grid/776:350
776:351;Utsjoki;Vetsikko;90;44;775:350-779:354;776;351;valmis;https://tulokset.lintuatlas.fi/grid/776:351
776:352;Utsjoki;Várdoaivi;90;44;775:350-779:354;776;352;kyllä;https://tulokset.lintuatlas.fi/grid/776:352
776:353;Utsjoki;Pulmankijärvi;90;44;775:350-779:354;776;353;valmis;https://tulokset.lintuatlas.fi/grid/776:353
776:354;Utsjoki;Arola;72;44;775:350-779:354;776;354;kyllä;https://tulokset.lintuatlas.fi/grid/776:354
777:351;Utsjoki;Pajukoste;72;44;775:350-779:354;777;351;kyllä;https://tulokset.lintuatlas.fi/grid/777:351
777:352;Utsjoki;Nivajoki;90;44;775:350-779:354;777;352;valmis;https://tulokset.lintuatlas.fi/grid/777:352
777:353;Utsjoki;Nuorgan;90;44;775:350-779:354;777;353;valmis;https://tulokset.lintuatlas.fi/grid/777:353
